{
   "comment": "",
   "Base": {
      "project_name": "cpss",
      "release_number": "4.2"
   },

   "Country":{
      "1": { "Name": "Israel",
              "City": {
                  "1": { "Name": "Haifa",
                                "Neighborhoods": {
                                        "1": 	"Bat_Galim",
                                        "2":    "Denia",
                                        "3":    "French_Carmel",
                                        "4":    "German_Colony",
                                        "5":    "Hadar_HaCarmel",
                                        "6":    "Kababir",
                                        "7":    "Kiryat_Eliezer",
                                        "8":    "Kiryat_Haim",
                                        "9":    "Kiryat_Shmuel",
                                        "10":	"Kiryat_Shprintzak",
                                        "11":	"Matam",
                                        "12":	"Merkaz_HaCarmel",
                                        "13":	"Neve_Shaanan",
                                        "14":	"Ramat_Begin",
                                        "15":	"Ramat_HaTishbi",
                                        "16":	"Romema",
                                        "17":	"Vardia",
                                        "18":	"Wadi_Nisnas",
                                        "19":	"Wadi_Salib"
                                }
                       },
                  "2": { "Name": "TelAviv",
                                "Neighborhoods": {
                                        "1":      "Abu_Kabir",
                                        "2":      "Ajami",
                                        "3":      "Azorei_Hen",
                                        "4":      "Bavli",
                                        "5":      "Bitzaron",
                                        "6":      "Ezra",
                                        "7":      "Florentin",
                                        "8":      "Ganei_Tzahala",
                                        "9":      "Givat_Aliyah",
                                        "10":     "Givat_Amal_Bet",
                                        "11":     "Givat_HaTmarim",
                                        "12":     "Givat_Herzl",
                                        "13":     "HaArgazim",
                                        "14":     "Hadar_Yosef",
                                        "15":     "HaKirya",
                                        "16":     "HaMishtalah",
                                        "17":     "HaMoshava_HaAmerikait",
                                        "18":     "HaRakevet",
                                        "19":     "HaTzafon_HaYashan",
                                        "20":     "Kerem_Hatemanim",
                                        "21":     "Kfar_Shalem",
                                        "22":     "Kiryat_Shalom",
                                        "23":     "Kokhav_HaTzafon",
                                        "24":     "Lev_HaIr",
                                        "25":     "Maoz_Aviv",
                                        "26":     "Menashiya",
                                        "27":     "Migdalei_Neeman",
                                        "28":     "Montefiore",
                                        "29":     "Nahalat_Yitzhak",
                                        "30":     "Neot_Afeka",
                                        "31":     "Neve_Avivim",
                                        "32":     "Neve_Barbur",
                                        "33":     "Neve_Ofer",
                                        "34":     "Neve_Shaanan",
                                        "35":     "Neve_Sharett",
                                        "36":     "Neve_Tzahal",
                                        "37":     "Neve_Tzedek",
                                        "38":     "Nofei_Yam",
                                        "39":     "Ohel_Moshe",
                                        "40":     "Park_Tzameret",
                                        "41":     "Ramat_Aviv_Aleph",
                                        "42":     "Ramat_Aviv_Gimmel",
                                        "43":     "Ramat_Aviv_HaHadasha",
                                        "44":     "Ramat_HaHayal",
                                        "45":     "Ramat_HaTayasim",
                                        "46":     "Ramat_Yisrael",
                                        "47":     "Ramot_Tzahala",
                                        "48":     "Revivim_Mild_rainstorms",
                                        "49":     "Shabazi",
                                        "50":     "Shapira",
                                        "51":     "Shikun_Dan",
                                        "52":     "Shikun_Lamed",
                                        "53":     "Shkhunat_HaTikva",
                                        "54":     "South",
                                        "55":     "Southeast",
                                        "56":     "Southwest",
                                        "57":     "Tel_Baruch",
                                        "58":     "Tel_Haim",
                                        "59":     "Tzahala",
                                        "60":     "Tzahalon",
                                        "61":     "Yad_Eliyahu",
                                        "62":     "Yafo_C",
                                        "63":     "Yafo_HaAtika",
                                        "64":     "Yehuda_HaMaccabi",
                                        "65":     "Yisgav"
                                }
                       },
                  "3": { "Name": "Jerusalem",
                                "Neighborhoods": {
                                        "1":      "Abu_Tor",
                                        "2":      "American_Colony",
                                        "3":      "Armenian_Quarter",
                                        "4":      "Armon",
                                        "5":      "Arnona",
                                        "6":      "Arzei_HaBira",
                                        "7":      "Atarot",
                                        "8":      "Bab_a_Zahara",
                                        "9":      "Bab_Huta",
                                        "10":     "Baka",
                                        "11":     "Batei_Munkacs",
                                        "12":     "Batei_Saidoff",
                                        "13":     "Batei_Ungarin",
                                        "14":     "Batei_Warsaw",
                                        "15":     "Bayit_VeGan",
                                        "16":     "Beit_David",
                                        "17":     "Beit_HaKerem",
                                        "18":     "Beit_Hanina",
                                        "19":     "Beit_Orot",
                                        "20":     "Beit_Safafa",
                                        "21":     "Beit_Yaakov",
                                        "22":     "Beit_Yisrael",
                                        "23":     "Bezetha",
                                        "24":     "Bukharim_quarter",
                                        "25":     "Christian_Quarter",
                                        "26":     "City_of_David",
                                        "27":     "East_Jerusalem",
                                        "28":     "East_Talpiot",
                                        "29":     "Ein_Karem",
                                        "30":     "Emek_Refaim",
                                        "31":     "Even_Yisrael",
                                        "32":     "Ezrat_Torah",
                                        "33":     "Ezrat_Yisrael",
                                        "34":     "French_Hill",
                                        "35":     "German_Colony",
                                        "36":     "Geula",
                                        "37":     "Gilo",
                                        "38":     "Givat_Beit_HaKerem",
                                        "39":     "Givat_HaMatos",
                                        "40":     "Givat_HaMivtar",
                                        "41":     "Givat_Massuah",
                                        "42":     "Givat_Mordechai",
                                        "43":     "Givat_Oranim",
                                        "44":     "Givat_Ram",
                                        "45":     "Givat_Shaul",
                                        "46":     "Greek_Colony",
                                        "47":     "Har_Homa",
                                        "48":     "Har_Hotzvim",
                                        "49":     "Har_Nof",
                                        "50":     "Hutzot_Hayotzer",
                                        "51":     "Ir_Ganim",
                                        "52":     "Isawiya",
                                        "53":     "Jabel_Mukaber",
                                        "54":     "Jerusalem",
                                        "55":     "Jerusalem_Gateway",
                                        "56":     "Jerusalem_Technology_Park",
                                        "57":     "Downtown_Triangle",
                                        "58":     "Jewish_Quarter",
                                        "59":     "Kafr_Aqab",
                                        "60":     "Katamon",
                                        "61":     "Kerem_Avraham",
                                        "62":     "Kings_Garden",
                                        "63":     "Kirya_Neemana",
                                        "64":     "Kiryat_HaLeom",
                                        "65":     "Kiryat_HaMemshala",
                                        "66":     "Kiryat_HaYovel",
                                        "67":     "Kiryat_Itri",
                                        "68":     "Kiryat_Mattersdorf",
                                        "69":     "Kiryat_Menachem",
                                        "70":     "Kiryat_Menachem_Begin",
                                        "71":     "Kiryat_Moshe",
                                        "72":     "Kiryat_Sanz",
                                        "73":     "Kiryat_Shmuel",
                                        "74":     "Kiryat_Shomrei_Emunim",
                                        "75":     "Kiryat_Wolfson",
                                        "76":     "Knesset_Yisrael",
                                        "77":     "Lifta",
                                        "78":     "Maale_HaZeitim",
                                        "79":     "Maalot_Dafna",
                                        "80":     "Mahane_Israel",
                                        "81":     "Mahane_Yehuda",
                                        "82":     "Malha",
                                        "83":     "Mamilla",
                                        "84":     "Mazkeret_Moshe",
                                        "85":     "Mea_Shearim",
                                        "86":     "Mekor_Baruch",
                                        "87":     "Mekor_Chaim",
                                        "88":     "Mishkenot_Shaananim",
                                        "89":     "Moroccan_Quarter",
                                        "90":     "Motza",
                                        "91":     "Muristan",
                                        "92":     "Muslim_Quarter",
                                        "93":     "Musrara",
                                        "94":     "Nachlaot",
                                        "95":     "Nahalat_Shimon",
                                        "96":     "Nahalat_Shiva",
                                        "97":     "Nayot",
                                        "98":     "Neve_Granot",
                                        "99":     "Neve_Shaanan",
                                        "100":    "Neve_Yaakov",
                                        "101":    "Nof_Zion",
                                        "102":    "Ohel_Shlomo",
                                        "103":    "Old_City_",
                                        "104":    "Mount_of_Olives",
                                        "105":    "Pat",
                                        "106":    "Pisgat_Zeev",
                                        "107":    "Al_Ram",
                                        "108":    "Ramat_Beit_HaKerem",
                                        "109":    "Ramat_Denya",
                                        "110":    "Ramat_Eshkol",
                                        "111":    "Ramat_Rachel",
                                        "112":    "Ramat_Sharett",
                                        "113":    "Ramat_Shlomo",
                                        "114":    "Ramot_Polin",
                                        "115":    "Ramot",
                                        "116":    "Ras_al_Amud",
                                        "117":    "Ras_Khamis",
                                        "118":    "Rassco_",
                                        "119":    "Rehavia",
                                        "120":    "Ring_Neighborhoods",
                                        "121":    "Romema",
                                        "122":    "Russian_Compound",
                                        "123":    "Sanhedria",
                                        "124":    "Sanhedria_Murhevet",
                                        "125":    "Shaarei_Hesed",
                                        "126":    "Shaarei_Yerushalayim",
                                        "127":    "Sharafat_East_Jerusalem",
                                        "128":    "Sheikh_Badr",
                                        "129":    "Sheikh_Jarrah",
                                        "130":    "Shikun_Chabad",
                                        "131":    "Shimon_HaTzadik",
                                        "132":    "Shmuel_HaNavi",
                                        "133":    "Shuafat",
                                        "134":    "Silwan",
                                        "135":    "Sur_Baher",
                                        "136":    "Talbiya",
                                        "137":    "Talpiot",
                                        "138":    "Tel_Arza",
                                        "139":    "At_Tur",
                                        "140":    "Umm_Tuba",
                                        "141":	  "Unsdorf",
                                        "142":	  "Wadi_al_Joz",
                                        "143":	  "Al_Walaja",
                                        "144":	  "Yefeh_Nof",
                                        "145":	  "Yemin_Moshe",
                                        "146":	  "Zikhron_Moshe",
                                        "147":	  "Zikhron_Tuvya",
                                        "148":	  "Zikhron_Yosef",
                                        "149":	  "Mount_Zion"
                                }
                       }
              }
            },
      "2": { 
              "Name": "USA",
              "City": {
                  "1":"NewYork",
                  "2":"SanFrancisco"
              }
            },
      "3": { 
              "Name": "Russia",
              "City": {
                  "1": {
                       "Name": "Moscow",
                                "Neighborhoods": {
                                  "1": "Kremlin",
                                  "2": "Arbat"
                                }
                       },
                  "2":"SanktPeterburg"
              }
            }
      }
}
