PRAGMA foreign_keys=OFF;
BEGIN TRANSACTION;
CREATE TABLE Digital_Signage(ID INTEGER PRIMARY KEY AUTOINCREMENT, ID_Country TEXT, ID_City TEXT, ID_Neighborhoods TEXT, ID_Digital_Signage TEXT, Dig_Sign TEXT, DS_Cost TEXT, DS_Perc_Quality TEXT);
INSERT INTO "Digital_Signage" VALUES(1,'1','1','1','1','Bat_Galim_1','4000','140');
INSERT INTO "Digital_Signage" VALUES(2,'1','1','1','2','Bat_Galim_2','4000','140');
INSERT INTO "Digital_Signage" VALUES(3,'1','1','1','3','Bat_Galim_3','7000','170');
INSERT INTO "Digital_Signage" VALUES(4,'1','1','2','4','Denia_1','7000','170');
INSERT INTO "Digital_Signage" VALUES(5,'1','1','2','5','Denia_2','6000','160');
INSERT INTO "Digital_Signage" VALUES(6,'1','1','2','6','Denia_3','8000','180');
INSERT INTO "Digital_Signage" VALUES(7,'1','1','3','7','French_Carmel_1','4000','140');
INSERT INTO "Digital_Signage" VALUES(8,'1','1','3','8','French_Carmel_2','8000','180');
INSERT INTO "Digital_Signage" VALUES(9,'1','1','3','9','French_Carmel_3','1000','110');
INSERT INTO "Digital_Signage" VALUES(10,'1','1','4','10','German_Colony_1','8000','180');
INSERT INTO "Digital_Signage" VALUES(11,'1','1','4','11','German_Colony_2','9000','190');
INSERT INTO "Digital_Signage" VALUES(12,'1','1','4','12','German_Colony_3','8000','180');
INSERT INTO "Digital_Signage" VALUES(13,'1','1','5','13','Hadar_HaCarmel_1','6000','160');
INSERT INTO "Digital_Signage" VALUES(14,'1','1','5','14','Hadar_HaCarmel_2','6000','160');
INSERT INTO "Digital_Signage" VALUES(15,'1','1','5','15','Hadar_HaCarmel_3','2000','120');
INSERT INTO "Digital_Signage" VALUES(16,'1','1','6','16','Kababir_1','8000','180');
INSERT INTO "Digital_Signage" VALUES(17,'1','1','6','17','Kababir_2','7000','170');
INSERT INTO "Digital_Signage" VALUES(18,'1','1','6','18','Kababir_3','6000','160');
INSERT INTO "Digital_Signage" VALUES(19,'2','1','1','19','Manhattan_1','3000','130');
INSERT INTO "Digital_Signage" VALUES(20,'2','1','1','20','Manhattan_2','7000','170');
INSERT INTO "Digital_Signage" VALUES(21,'2','1','1','21','Manhattan_3','9000','190');
INSERT INTO "Digital_Signage" VALUES(22,'2','2','1','22','Beach_Alanya_1','4000','140');
INSERT INTO "Digital_Signage" VALUES(23,'2','2','1','23','Beach_Alanya_2','9000','190');
INSERT INTO "Digital_Signage" VALUES(24,'2','2','1','24','Beach_Alanya_3','1000','110');
INSERT INTO "Digital_Signage" VALUES(25,'3','1','1','25','Kremlin_1','1000','110');
INSERT INTO "Digital_Signage" VALUES(26,'3','1','1','26','Kremlin_2','4000','140');
INSERT INTO "Digital_Signage" VALUES(27,'3','1','1','27','Kremlin_3','7000','170');
INSERT INTO "Digital_Signage" VALUES(28,'3','2','1','28','OldCity_1','9000','190');
INSERT INTO "Digital_Signage" VALUES(29,'3','2','1','29','OldCity_2','6000','160');
INSERT INTO "Digital_Signage" VALUES(30,'3','2','1','30','OldCity_3','5000','150');
CREATE TABLE Dig_Sign_Owner(ID INTEGER PRIMARY KEY AUTOINCREMENT, ID_Country TEXT, ID_City TEXT, ID_Neighborhoods TEXT, ID_Digital_Signage TEXT, ID_Owner TEXT, Owner_Name TEXT);
INSERT INTO "Dig_Sign_Owner" VALUES(1,'1','1','1','1','3','Owner_3');
INSERT INTO "Dig_Sign_Owner" VALUES(2,'1','1','1','2','5','Owner_5');
INSERT INTO "Dig_Sign_Owner" VALUES(3,'1','1','1','3','4','Owner_4');
INSERT INTO "Dig_Sign_Owner" VALUES(4,'1','1','2','4','3','Owner_3');
INSERT INTO "Dig_Sign_Owner" VALUES(5,'1','1','2','5','2','Owner_2');
INSERT INTO "Dig_Sign_Owner" VALUES(6,'1','1','2','6','2','Owner_2');
INSERT INTO "Dig_Sign_Owner" VALUES(7,'1','1','3','7','2','Owner_2');
INSERT INTO "Dig_Sign_Owner" VALUES(8,'1','1','3','8','3','Owner_3');
INSERT INTO "Dig_Sign_Owner" VALUES(9,'1','1','3','9','3','Owner_3');
INSERT INTO "Dig_Sign_Owner" VALUES(10,'1','1','4','10','5','Owner_5');
INSERT INTO "Dig_Sign_Owner" VALUES(11,'1','1','4','11','3','Owner_3');
INSERT INTO "Dig_Sign_Owner" VALUES(12,'1','1','4','12','1','Owner_1');
INSERT INTO "Dig_Sign_Owner" VALUES(13,'1','1','5','13','2','Owner_2');
INSERT INTO "Dig_Sign_Owner" VALUES(14,'1','1','5','14','4','Owner_4');
INSERT INTO "Dig_Sign_Owner" VALUES(15,'1','1','5','15','5','Owner_5');
INSERT INTO "Dig_Sign_Owner" VALUES(16,'1','1','6','16','4','Owner_4');
INSERT INTO "Dig_Sign_Owner" VALUES(17,'1','1','6','17','2','Owner_2');
INSERT INTO "Dig_Sign_Owner" VALUES(18,'1','1','6','18','3','Owner_3');
INSERT INTO "Dig_Sign_Owner" VALUES(19,'2','1','1','19','1','Owner_1');
INSERT INTO "Dig_Sign_Owner" VALUES(20,'2','1','1','20','4','Owner_4');
INSERT INTO "Dig_Sign_Owner" VALUES(21,'2','1','1','21','1','Owner_1');
INSERT INTO "Dig_Sign_Owner" VALUES(22,'2','2','1','22','3','Owner_3');
INSERT INTO "Dig_Sign_Owner" VALUES(23,'2','2','1','23','5','Owner_5');
INSERT INTO "Dig_Sign_Owner" VALUES(24,'2','2','1','24','1','Owner_1');
INSERT INTO "Dig_Sign_Owner" VALUES(25,'3','1','1','25','5','Owner_5');
INSERT INTO "Dig_Sign_Owner" VALUES(26,'3','1','1','26','5','Owner_5');
INSERT INTO "Dig_Sign_Owner" VALUES(27,'3','1','1','27','4','Owner_4');
INSERT INTO "Dig_Sign_Owner" VALUES(28,'3','2','1','28','4','Owner_4');
INSERT INTO "Dig_Sign_Owner" VALUES(29,'3','2','1','29','3','Owner_3');
INSERT INTO "Dig_Sign_Owner" VALUES(30,'3','2','1','30','5','Owner_5');
CREATE TABLE User_Neighb(ID INTEGER PRIMARY KEY AUTOINCREMENT, ID_User TEXT, ID_Country TEXT, ID_City TEXT, ID_Neighborhoods TEXT, Neighborhood TEXT, Nic_User TEXT);
INSERT INTO "User_Neighb" VALUES(1,'1','1','1','4','German_Colony','Alex');
INSERT INTO "User_Neighb" VALUES(2,'1','1','1','6','Kababir','Alex');
INSERT INTO "User_Neighb" VALUES(3,'1','1','1','3','French_Carmel','Alex');
INSERT INTO "User_Neighb" VALUES(4,'1','1','1','2','Denia','Alex');
INSERT INTO "User_Neighb" VALUES(5,'2','1','1','5','Hadar_HaCarmel','Dima');
INSERT INTO "User_Neighb" VALUES(6,'2','1','1','6','Kababir','Dima');
INSERT INTO "User_Neighb" VALUES(7,'2','1','1','1','Bat_Galim','Dima');
INSERT INTO "User_Neighb" VALUES(8,'2','1','1','4','German_Colony','Dima');
INSERT INTO "User_Neighb" VALUES(9,'2','1','1','3','French_Carmel','Dima');
INSERT INTO "User_Neighb" VALUES(10,'3','1','1','2','Denia','Sergey');
INSERT INTO "User_Neighb" VALUES(11,'3','1','1','3','French_Carmel','Sergey');
INSERT INTO "User_Neighb" VALUES(12,'3','1','1','1','Bat_Galim','Sergey');
INSERT INTO "User_Neighb" VALUES(13,'3','1','1','5','Hadar_HaCarmel','Sergey');
INSERT INTO "User_Neighb" VALUES(14,'3','1','1','6','Kababir','Sergey');
INSERT INTO "User_Neighb" VALUES(15,'4','1','1','5','Hadar_HaCarmel','Rita');
INSERT INTO "User_Neighb" VALUES(16,'4','1','1','2','Denia','Rita');
INSERT INTO "User_Neighb" VALUES(17,'4','1','1','6','Kababir','Rita');
INSERT INTO "User_Neighb" VALUES(18,'4','1','1','4','German_Colony','Rita');
INSERT INTO "User_Neighb" VALUES(19,'5','1','1','6','Kababir','Alice');
INSERT INTO "User_Neighb" VALUES(20,'5','1','1','1','Bat_Galim','Alice');
INSERT INTO "User_Neighb" VALUES(21,'5','1','1','3','French_Carmel','Alice');
INSERT INTO "User_Neighb" VALUES(22,'5','1','1','2','Denia','Alice');
INSERT INTO "User_Neighb" VALUES(23,'5','1','1','5','Hadar_HaCarmel','Alice');
INSERT INTO "User_Neighb" VALUES(24,'6','1','1','6','Kababir','Ostin');
INSERT INTO "User_Neighb" VALUES(25,'6','1','1','3','French_Carmel','Ostin');
INSERT INTO "User_Neighb" VALUES(26,'6','1','1','4','German_Colony','Ostin');
INSERT INTO "User_Neighb" VALUES(27,'6','1','1','1','Bat_Galim','Ostin');
INSERT INTO "User_Neighb" VALUES(28,'6','1','1','2','Denia','Ostin');
CREATE TABLE User_Neighb_Ds(ID INTEGER PRIMARY KEY AUTOINCREMENT, ID_User TEXT, ID_Country TEXT, ID_City TEXT, ID_Neighborhoods TEXT, ID_Digital_Signage TEXT, ID_Owner TEXT, Neighborhood TEXT, Nic_User TEXT, Dig_Sign TEXT, DS_Cost TEXT, DS_Perc_Quality TEXT, Owner_Name TEXT);
INSERT INTO "User_Neighb_Ds" VALUES(1,'1','1','1','2','5','2','Denia','Alex','Denia_2','6000','160','Owner_2');
INSERT INTO "User_Neighb_Ds" VALUES(2,'1','1','1','3','8','3','French_Carmel','Alex','French_Carmel_2','8000','180','Owner_3');
INSERT INTO "User_Neighb_Ds" VALUES(3,'1','1','1','3','9','3','French_Carmel','Alex','French_Carmel_3','1000','110','Owner_3');
INSERT INTO "User_Neighb_Ds" VALUES(4,'1','1','1','3','7','2','French_Carmel','Alex','French_Carmel_1','4000','140','Owner_2');
INSERT INTO "User_Neighb_Ds" VALUES(5,'1','1','1','4','12','1','German_Colony','Alex','German_Colony_3','8000','180','Owner_1');
INSERT INTO "User_Neighb_Ds" VALUES(6,'1','1','1','4','11','3','German_Colony','Alex','German_Colony_2','9000','190','Owner_3');
INSERT INTO "User_Neighb_Ds" VALUES(7,'1','1','1','4','10','5','German_Colony','Alex','German_Colony_1','8000','180','Owner_5');
INSERT INTO "User_Neighb_Ds" VALUES(8,'1','1','1','6','18','3','Kababir','Alex','Kababir_3','6000','160','Owner_3');
INSERT INTO "User_Neighb_Ds" VALUES(9,'1','1','1','6','17','2','Kababir','Alex','Kababir_2','7000','170','Owner_2');
INSERT INTO "User_Neighb_Ds" VALUES(10,'1','1','1','6','16','4','Kababir','Alex','Kababir_1','8000','180','Owner_4');
INSERT INTO "User_Neighb_Ds" VALUES(11,'2','1','1','1','3','4','Bat_Galim','Dima','Bat_Galim_3','7000','170','Owner_4');
INSERT INTO "User_Neighb_Ds" VALUES(12,'2','1','1','1','1','3','Bat_Galim','Dima','Bat_Galim_1','4000','140','Owner_3');
INSERT INTO "User_Neighb_Ds" VALUES(13,'2','1','1','1','2','5','Bat_Galim','Dima','Bat_Galim_2','4000','140','Owner_5');
INSERT INTO "User_Neighb_Ds" VALUES(14,'2','1','1','3','9','3','French_Carmel','Dima','French_Carmel_3','1000','110','Owner_3');
INSERT INTO "User_Neighb_Ds" VALUES(15,'2','1','1','3','7','2','French_Carmel','Dima','French_Carmel_1','4000','140','Owner_2');
INSERT INTO "User_Neighb_Ds" VALUES(16,'2','1','1','4','12','1','German_Colony','Dima','German_Colony_3','8000','180','Owner_1');
INSERT INTO "User_Neighb_Ds" VALUES(17,'2','1','1','4','10','5','German_Colony','Dima','German_Colony_1','8000','180','Owner_5');
INSERT INTO "User_Neighb_Ds" VALUES(18,'2','1','1','4','11','3','German_Colony','Dima','German_Colony_2','9000','190','Owner_3');
INSERT INTO "User_Neighb_Ds" VALUES(19,'2','1','1','5','15','5','Hadar_HaCarmel','Dima','Hadar_HaCarmel_3','2000','120','Owner_5');
INSERT INTO "User_Neighb_Ds" VALUES(20,'2','1','1','5','13','2','Hadar_HaCarmel','Dima','Hadar_HaCarmel_1','6000','160','Owner_2');
INSERT INTO "User_Neighb_Ds" VALUES(21,'2','1','1','5','14','4','Hadar_HaCarmel','Dima','Hadar_HaCarmel_2','6000','160','Owner_4');
INSERT INTO "User_Neighb_Ds" VALUES(22,'2','1','1','6','16','4','Kababir','Dima','Kababir_1','8000','180','Owner_4');
INSERT INTO "User_Neighb_Ds" VALUES(23,'2','1','1','6','17','2','Kababir','Dima','Kababir_2','7000','170','Owner_2');
INSERT INTO "User_Neighb_Ds" VALUES(24,'2','1','1','6','18','3','Kababir','Dima','Kababir_3','6000','160','Owner_3');
INSERT INTO "User_Neighb_Ds" VALUES(25,'3','1','1','2','6','2','Denia','Sergey','Denia_3','8000','180','Owner_2');
INSERT INTO "User_Neighb_Ds" VALUES(26,'3','1','1','2','5','2','Denia','Sergey','Denia_2','6000','160','Owner_2');
INSERT INTO "User_Neighb_Ds" VALUES(27,'3','1','1','2','4','3','Denia','Sergey','Denia_1','7000','170','Owner_3');
INSERT INTO "User_Neighb_Ds" VALUES(28,'3','1','1','3','7','2','French_Carmel','Sergey','French_Carmel_1','4000','140','Owner_2');
INSERT INTO "User_Neighb_Ds" VALUES(29,'3','1','1','5','13','2','Hadar_HaCarmel','Sergey','Hadar_HaCarmel_1','6000','160','Owner_2');
INSERT INTO "User_Neighb_Ds" VALUES(30,'3','1','1','6','16','4','Kababir','Sergey','Kababir_1','8000','180','Owner_4');
INSERT INTO "User_Neighb_Ds" VALUES(31,'3','1','1','6','18','3','Kababir','Sergey','Kababir_3','6000','160','Owner_3');
INSERT INTO "User_Neighb_Ds" VALUES(32,'3','1','1','6','17','2','Kababir','Sergey','Kababir_2','7000','170','Owner_2');
INSERT INTO "User_Neighb_Ds" VALUES(33,'4','1','1','2','6','2','Denia','Rita','Denia_3','8000','180','Owner_2');
INSERT INTO "User_Neighb_Ds" VALUES(34,'4','1','1','2','4','3','Denia','Rita','Denia_1','7000','170','Owner_3');
INSERT INTO "User_Neighb_Ds" VALUES(35,'4','1','1','5','14','4','Hadar_HaCarmel','Rita','Hadar_HaCarmel_2','6000','160','Owner_4');
INSERT INTO "User_Neighb_Ds" VALUES(36,'4','1','1','5','13','2','Hadar_HaCarmel','Rita','Hadar_HaCarmel_1','6000','160','Owner_2');
INSERT INTO "User_Neighb_Ds" VALUES(37,'4','1','1','5','15','5','Hadar_HaCarmel','Rita','Hadar_HaCarmel_3','2000','120','Owner_5');
INSERT INTO "User_Neighb_Ds" VALUES(38,'4','1','1','6','18','3','Kababir','Rita','Kababir_3','6000','160','Owner_3');
INSERT INTO "User_Neighb_Ds" VALUES(39,'4','1','1','6','16','4','Kababir','Rita','Kababir_1','8000','180','Owner_4');
INSERT INTO "User_Neighb_Ds" VALUES(40,'4','1','1','6','17','2','Kababir','Rita','Kababir_2','7000','170','Owner_2');
INSERT INTO "User_Neighb_Ds" VALUES(41,'5','1','1','1','3','4','Bat_Galim','Alice','Bat_Galim_3','7000','170','Owner_4');
INSERT INTO "User_Neighb_Ds" VALUES(42,'5','1','1','1','1','3','Bat_Galim','Alice','Bat_Galim_1','4000','140','Owner_3');
INSERT INTO "User_Neighb_Ds" VALUES(43,'5','1','1','1','2','5','Bat_Galim','Alice','Bat_Galim_2','4000','140','Owner_5');
INSERT INTO "User_Neighb_Ds" VALUES(44,'5','1','1','2','5','2','Denia','Alice','Denia_2','6000','160','Owner_2');
INSERT INTO "User_Neighb_Ds" VALUES(45,'5','1','1','2','6','2','Denia','Alice','Denia_3','8000','180','Owner_2');
INSERT INTO "User_Neighb_Ds" VALUES(46,'5','1','1','3','7','2','French_Carmel','Alice','French_Carmel_1','4000','140','Owner_2');
INSERT INTO "User_Neighb_Ds" VALUES(47,'5','1','1','3','9','3','French_Carmel','Alice','French_Carmel_3','1000','110','Owner_3');
INSERT INTO "User_Neighb_Ds" VALUES(48,'5','1','1','3','8','3','French_Carmel','Alice','French_Carmel_2','8000','180','Owner_3');
INSERT INTO "User_Neighb_Ds" VALUES(49,'5','1','1','5','15','5','Hadar_HaCarmel','Alice','Hadar_HaCarmel_3','2000','120','Owner_5');
INSERT INTO "User_Neighb_Ds" VALUES(50,'5','1','1','5','14','4','Hadar_HaCarmel','Alice','Hadar_HaCarmel_2','6000','160','Owner_4');
INSERT INTO "User_Neighb_Ds" VALUES(51,'5','1','1','6','16','4','Kababir','Alice','Kababir_1','8000','180','Owner_4');
INSERT INTO "User_Neighb_Ds" VALUES(52,'5','1','1','6','17','2','Kababir','Alice','Kababir_2','7000','170','Owner_2');
INSERT INTO "User_Neighb_Ds" VALUES(53,'5','1','1','6','18','3','Kababir','Alice','Kababir_3','6000','160','Owner_3');
INSERT INTO "User_Neighb_Ds" VALUES(54,'6','1','1','1','3','4','Bat_Galim','Ostin','Bat_Galim_3','7000','170','Owner_4');
INSERT INTO "User_Neighb_Ds" VALUES(55,'6','1','1','1','2','5','Bat_Galim','Ostin','Bat_Galim_2','4000','140','Owner_5');
INSERT INTO "User_Neighb_Ds" VALUES(56,'6','1','1','2','4','3','Denia','Ostin','Denia_1','7000','170','Owner_3');
INSERT INTO "User_Neighb_Ds" VALUES(57,'6','1','1','2','6','2','Denia','Ostin','Denia_3','8000','180','Owner_2');
INSERT INTO "User_Neighb_Ds" VALUES(58,'6','1','1','2','5','2','Denia','Ostin','Denia_2','6000','160','Owner_2');
INSERT INTO "User_Neighb_Ds" VALUES(59,'6','1','1','4','10','5','German_Colony','Ostin','German_Colony_1','8000','180','Owner_5');
INSERT INTO "User_Neighb_Ds" VALUES(60,'6','1','1','4','11','3','German_Colony','Ostin','German_Colony_2','9000','190','Owner_3');
INSERT INTO "User_Neighb_Ds" VALUES(61,'6','1','1','4','12','1','German_Colony','Ostin','German_Colony_3','8000','180','Owner_1');
INSERT INTO "User_Neighb_Ds" VALUES(62,'6','1','1','6','18','3','Kababir','Ostin','Kababir_3','6000','160','Owner_3');
INSERT INTO "User_Neighb_Ds" VALUES(63,'6','1','1','6','16','4','Kababir','Ostin','Kababir_1','8000','180','Owner_4');
INSERT INTO "User_Neighb_Ds" VALUES(64,'6','1','1','6','17','2','Kababir','Ostin','Kababir_2','7000','170','Owner_2');
CREATE TABLE User_Neighb_Ds_Md(ID INTEGER PRIMARY KEY AUTOINCREMENT, ID_User TEXT, ID_User_Media TEXT, ID_Country TEXT, ID_City TEXT, ID_Neighborhoods TEXT, ID_Digital_Signage TEXT, ID_Owner TEXT, Neighborhood TEXT, Nic_User TEXT, Dig_Sign TEXT, Owner_Name TEXT, DS_Cost TEXT, DS_Perc_Quality TEXT, Media_Name TEXT, Media_Cost TEXT, Media_Slots TEXT, Media_Total_Slots TEXT);
INSERT INTO "User_Neighb_Ds_Md" VALUES(1,'1','1001','1','1','2','5','2','Denia','Alex','Denia_2','Owner_2','6000','160','Alex_Clip_1','5000','5','11');
INSERT INTO "User_Neighb_Ds_Md" VALUES(2,'1','1002','1','1','3','7','2','French_Carmel','Alex','French_Carmel_1','Owner_2','4000','140','Alex_Clip_2','3000','2','16');
INSERT INTO "User_Neighb_Ds_Md" VALUES(3,'1','1003','1','1','3','8','3','French_Carmel','Alex','French_Carmel_2','Owner_3','8000','180','Alex_Clip_3','3000','3','11');
INSERT INTO "User_Neighb_Ds_Md" VALUES(4,'1','1001','1','1','3','9','3','French_Carmel','Alex','French_Carmel_3','Owner_3','1000','110','Alex_Clip_1','5000','5','11');
INSERT INTO "User_Neighb_Ds_Md" VALUES(5,'1','1005','1','1','4','10','5','German_Colony','Alex','German_Colony_1','Owner_5','8000','180','Alex_Clip_5','5000','4','13');
INSERT INTO "User_Neighb_Ds_Md" VALUES(6,'1','1006','1','1','4','11','3','German_Colony','Alex','German_Colony_2','Owner_3','9000','190','Alex_Clip_6','4000','4','11');
INSERT INTO "User_Neighb_Ds_Md" VALUES(7,'1','1007','1','1','4','12','1','German_Colony','Alex','German_Colony_3','Owner_1','8000','180','Alex_Clip_7','5000','5','11');
INSERT INTO "User_Neighb_Ds_Md" VALUES(8,'1','1001','1','1','6','16','4','Kababir','Alex','Kababir_1','Owner_4','8000','180','Alex_Clip_1','5000','5','11');
INSERT INTO "User_Neighb_Ds_Md" VALUES(9,'1','1001','1','1','6','17','2','Kababir','Alex','Kababir_2','Owner_2','7000','170','Alex_Clip_1','5000','5','11');
INSERT INTO "User_Neighb_Ds_Md" VALUES(10,'1','1010','1','1','6','18','3','Kababir','Alex','Kababir_3','Owner_3','6000','160','Alex_Clip_10','5000','2','26');
INSERT INTO "User_Neighb_Ds_Md" VALUES(11,'2','2011','1','1','1','1','3','Bat_Galim','Dima','Bat_Galim_1','Owner_3','4000','140','Dima_Clip_11','2000','5','5');
INSERT INTO "User_Neighb_Ds_Md" VALUES(12,'2','2012','1','1','1','2','5','Bat_Galim','Dima','Bat_Galim_2','Owner_5','4000','140','Dima_Clip_12','1000','4','3');
INSERT INTO "User_Neighb_Ds_Md" VALUES(13,'2','2013','1','1','1','3','4','Bat_Galim','Dima','Bat_Galim_3','Owner_4','7000','170','Dima_Clip_13','5000','5','11');
INSERT INTO "User_Neighb_Ds_Md" VALUES(14,'2','2001','1','1','3','7','2','French_Carmel','Dima','French_Carmel_1','Owner_2','4000','140','Dima_Clip_1','1000','5','3');
INSERT INTO "User_Neighb_Ds_Md" VALUES(15,'2','2015','1','1','3','9','3','French_Carmel','Dima','French_Carmel_3','Owner_3','1000','110','Dima_Clip_15','4000','2','21');
INSERT INTO "User_Neighb_Ds_Md" VALUES(16,'2','2016','1','1','4','10','5','German_Colony','Dima','German_Colony_1','Owner_5','8000','180','Dima_Clip_16','4000','2','21');
INSERT INTO "User_Neighb_Ds_Md" VALUES(17,'2','2001','1','1','4','11','3','German_Colony','Dima','German_Colony_2','Owner_3','9000','190','Dima_Clip_1','1000','5','3');
INSERT INTO "User_Neighb_Ds_Md" VALUES(18,'2','2001','1','1','4','12','1','German_Colony','Dima','German_Colony_3','Owner_1','8000','180','Dima_Clip_1','1000','5','3');
INSERT INTO "User_Neighb_Ds_Md" VALUES(19,'2','2001','1','1','5','13','2','Hadar_HaCarmel','Dima','Hadar_HaCarmel_1','Owner_2','6000','160','Dima_Clip_1','1000','5','3');
INSERT INTO "User_Neighb_Ds_Md" VALUES(20,'2','2020','1','1','5','14','4','Hadar_HaCarmel','Dima','Hadar_HaCarmel_2','Owner_4','6000','160','Dima_Clip_20','1000','1','11');
INSERT INTO "User_Neighb_Ds_Md" VALUES(21,'2','2001','1','1','5','15','5','Hadar_HaCarmel','Dima','Hadar_HaCarmel_3','Owner_5','2000','120','Dima_Clip_1','1000','5','3');
INSERT INTO "User_Neighb_Ds_Md" VALUES(22,'2','2001','1','1','6','16','4','Kababir','Dima','Kababir_1','Owner_4','8000','180','Dima_Clip_1','1000','5','3');
INSERT INTO "User_Neighb_Ds_Md" VALUES(23,'2','2023','1','1','6','17','2','Kababir','Dima','Kababir_2','Owner_2','7000','170','Dima_Clip_23','1000','2','6');
INSERT INTO "User_Neighb_Ds_Md" VALUES(24,'2','2024','1','1','6','18','3','Kababir','Dima','Kababir_3','Owner_3','6000','160','Dima_Clip_24','4000','2','21');
INSERT INTO "User_Neighb_Ds_Md" VALUES(25,'3','3025','1','1','2','4','3','Denia','Sergey','Denia_1','Owner_3','7000','170','Sergey_Clip_25','2000','3','7');
INSERT INTO "User_Neighb_Ds_Md" VALUES(26,'3','3026','1','1','2','5','2','Denia','Sergey','Denia_2','Owner_2','6000','160','Sergey_Clip_26','3000','2','16');
INSERT INTO "User_Neighb_Ds_Md" VALUES(27,'3','3027','1','1','2','6','2','Denia','Sergey','Denia_3','Owner_2','8000','180','Sergey_Clip_27','3000','1','31');
INSERT INTO "User_Neighb_Ds_Md" VALUES(28,'3','3001','1','1','3','7','2','French_Carmel','Sergey','French_Carmel_1','Owner_2','4000','140','Sergey_Clip_1','5000','5','11');
INSERT INTO "User_Neighb_Ds_Md" VALUES(29,'3','3001','1','1','5','13','2','Hadar_HaCarmel','Sergey','Hadar_HaCarmel_1','Owner_2','6000','160','Sergey_Clip_1','5000','5','11');
INSERT INTO "User_Neighb_Ds_Md" VALUES(30,'3','3030','1','1','6','16','4','Kababir','Sergey','Kababir_1','Owner_4','8000','180','Sergey_Clip_30','4000','3','14');
INSERT INTO "User_Neighb_Ds_Md" VALUES(31,'3','3001','1','1','6','17','2','Kababir','Sergey','Kababir_2','Owner_2','7000','170','Sergey_Clip_1','5000','5','11');
INSERT INTO "User_Neighb_Ds_Md" VALUES(32,'3','3001','1','1','6','18','3','Kababir','Sergey','Kababir_3','Owner_3','6000','160','Sergey_Clip_1','5000','5','11');
INSERT INTO "User_Neighb_Ds_Md" VALUES(33,'4','4001','1','1','2','4','3','Denia','Rita','Denia_1','Owner_3','7000','170','Rita_Clip_1','3000','3','11');
INSERT INTO "User_Neighb_Ds_Md" VALUES(34,'4','4034','1','1','2','6','2','Denia','Rita','Denia_3','Owner_2','8000','180','Rita_Clip_34','5000','5','11');
INSERT INTO "User_Neighb_Ds_Md" VALUES(35,'4','4001','1','1','5','13','2','Hadar_HaCarmel','Rita','Hadar_HaCarmel_1','Owner_2','6000','160','Rita_Clip_1','3000','3','11');
INSERT INTO "User_Neighb_Ds_Md" VALUES(36,'4','4036','1','1','5','14','4','Hadar_HaCarmel','Rita','Hadar_HaCarmel_2','Owner_4','6000','160','Rita_Clip_36','3000','2','16');
INSERT INTO "User_Neighb_Ds_Md" VALUES(37,'4','4001','1','1','5','15','5','Hadar_HaCarmel','Rita','Hadar_HaCarmel_3','Owner_5','2000','120','Rita_Clip_1','3000','3','11');
INSERT INTO "User_Neighb_Ds_Md" VALUES(38,'4','4001','1','1','6','16','4','Kababir','Rita','Kababir_1','Owner_4','8000','180','Rita_Clip_1','3000','3','11');
INSERT INTO "User_Neighb_Ds_Md" VALUES(39,'4','4001','1','1','6','17','2','Kababir','Rita','Kababir_2','Owner_2','7000','170','Rita_Clip_1','3000','3','11');
INSERT INTO "User_Neighb_Ds_Md" VALUES(40,'4','4001','1','1','6','18','3','Kababir','Rita','Kababir_3','Owner_3','6000','160','Rita_Clip_1','3000','3','11');
INSERT INTO "User_Neighb_Ds_Md" VALUES(41,'5','5041','1','1','1','1','3','Bat_Galim','Alice','Bat_Galim_1','Owner_3','4000','140','Alice_Clip_41','4000','5','9');
INSERT INTO "User_Neighb_Ds_Md" VALUES(42,'5','5042','1','1','1','2','5','Bat_Galim','Alice','Bat_Galim_2','Owner_5','4000','140','Alice_Clip_42','3000','1','31');
INSERT INTO "User_Neighb_Ds_Md" VALUES(43,'5','5001','1','1','1','3','4','Bat_Galim','Alice','Bat_Galim_3','Owner_4','7000','170','Alice_Clip_1','4000','4','11');
INSERT INTO "User_Neighb_Ds_Md" VALUES(44,'5','5044','1','1','2','5','2','Denia','Alice','Denia_2','Owner_2','6000','160','Alice_Clip_44','1000','1','11');
INSERT INTO "User_Neighb_Ds_Md" VALUES(45,'5','5001','1','1','2','6','2','Denia','Alice','Denia_3','Owner_2','8000','180','Alice_Clip_1','4000','4','11');
INSERT INTO "User_Neighb_Ds_Md" VALUES(46,'5','5046','1','1','3','7','2','French_Carmel','Alice','French_Carmel_1','Owner_2','4000','140','Alice_Clip_46','5000','2','26');
INSERT INTO "User_Neighb_Ds_Md" VALUES(47,'5','5047','1','1','3','8','3','French_Carmel','Alice','French_Carmel_2','Owner_3','8000','180','Alice_Clip_47','1000','2','6');
INSERT INTO "User_Neighb_Ds_Md" VALUES(48,'5','5001','1','1','3','9','3','French_Carmel','Alice','French_Carmel_3','Owner_3','1000','110','Alice_Clip_1','4000','4','11');
INSERT INTO "User_Neighb_Ds_Md" VALUES(49,'5','5049','1','1','5','14','4','Hadar_HaCarmel','Alice','Hadar_HaCarmel_2','Owner_4','6000','160','Alice_Clip_49','2000','5','5');
INSERT INTO "User_Neighb_Ds_Md" VALUES(50,'5','5001','1','1','5','15','5','Hadar_HaCarmel','Alice','Hadar_HaCarmel_3','Owner_5','2000','120','Alice_Clip_1','4000','4','11');
INSERT INTO "User_Neighb_Ds_Md" VALUES(51,'5','5051','1','1','6','16','4','Kababir','Alice','Kababir_1','Owner_4','8000','180','Alice_Clip_51','3000','4','8');
INSERT INTO "User_Neighb_Ds_Md" VALUES(52,'5','5052','1','1','6','17','2','Kababir','Alice','Kababir_2','Owner_2','7000','170','Alice_Clip_52','2000','5','5');
INSERT INTO "User_Neighb_Ds_Md" VALUES(53,'5','5053','1','1','6','18','3','Kababir','Alice','Kababir_3','Owner_3','6000','160','Alice_Clip_53','5000','4','13');
INSERT INTO "User_Neighb_Ds_Md" VALUES(54,'6','6001','1','1','1','2','5','Bat_Galim','Ostin','Bat_Galim_2','Owner_5','4000','140','Ostin_Clip_1','3000','3','11');
INSERT INTO "User_Neighb_Ds_Md" VALUES(55,'6','6055','1','1','1','3','4','Bat_Galim','Ostin','Bat_Galim_3','Owner_4','7000','170','Ostin_Clip_55','4000','3','14');
INSERT INTO "User_Neighb_Ds_Md" VALUES(56,'6','6056','1','1','2','4','3','Denia','Ostin','Denia_1','Owner_3','7000','170','Ostin_Clip_56','1000','5','3');
INSERT INTO "User_Neighb_Ds_Md" VALUES(57,'6','6057','1','1','2','5','2','Denia','Ostin','Denia_2','Owner_2','6000','160','Ostin_Clip_57','4000','2','21');
INSERT INTO "User_Neighb_Ds_Md" VALUES(58,'6','6058','1','1','2','6','2','Denia','Ostin','Denia_3','Owner_2','8000','180','Ostin_Clip_58','1000','3','4');
INSERT INTO "User_Neighb_Ds_Md" VALUES(59,'6','6001','1','1','4','10','5','German_Colony','Ostin','German_Colony_1','Owner_5','8000','180','Ostin_Clip_1','3000','3','11');
INSERT INTO "User_Neighb_Ds_Md" VALUES(60,'6','6060','1','1','4','11','3','German_Colony','Ostin','German_Colony_2','Owner_3','9000','190','Ostin_Clip_60','4000','1','41');
INSERT INTO "User_Neighb_Ds_Md" VALUES(61,'6','6001','1','1','4','12','1','German_Colony','Ostin','German_Colony_3','Owner_1','8000','180','Ostin_Clip_1','3000','3','11');
INSERT INTO "User_Neighb_Ds_Md" VALUES(62,'6','6062','1','1','6','16','4','Kababir','Ostin','Kababir_1','Owner_4','8000','180','Ostin_Clip_62','4000','1','41');
INSERT INTO "User_Neighb_Ds_Md" VALUES(63,'6','6001','1','1','6','17','2','Kababir','Ostin','Kababir_2','Owner_2','7000','170','Ostin_Clip_1','3000','3','11');
INSERT INTO "User_Neighb_Ds_Md" VALUES(64,'6','6001','1','1','6','18','3','Kababir','Ostin','Kababir_3','Owner_3','6000','160','Ostin_Clip_1','3000','3','11');
CREATE TABLE Neighb_Ds_Ti(ID INTEGER PRIMARY KEY AUTOINCREMENT, ID_Country TEXT, ID_City TEXT, ID_Neighborhoods TEXT, ID_Digital_Signage TEXT, ID_Owner TEXT, ID_Time_Interval TEXT, Neighborhood TEXT, Dig_Sign TEXT, Owner_Name TEXT, DS_Cost TEXT, DS_Perc_Quality TEXT, TI_Price TEXT, DS_TI_Price TEXT, TI_D_Sign_People TEXT, TI_Slots TEXT, TI_Slots_Busy TEXT, TI_Slots_Free TEXT, TI_List_Prices TEXT);
INSERT INTO "Neighb_Ds_Ti" VALUES(1,'1','1','2','5','2','1','Denia','Denia_2','Owner_2','6000','160','10','16','16','120','0','120','1995278.315;467751.141;126781.187;39163.136;13612.59;5265.126;2244.837;1047.028;531.162;291.898;173.28;110.843;76.16;55.937;43.621;35.82;30.703;27.237;24.823;23.096;21.834;20.89;20.173;19.617;19.181;18.833;18.553;18.325;18.137;17.98;17.85;17.739;17.646;17.566;17.497;17.438;17.387;17.342;17.303;17.269;17.239;17.213;17.19;17.169;17.151;17.135;17.121;17.108;17.097;17.087;17.078;17.07;17.062;17.056;17.05;17.045;17.041;17.036;17.033;17.029;17.026;17.024;17.021;17.019;17.017;17.016;17.014;17.013;17.011;17.01;17.009;17.008;17.007;17.007;17.006;17.005;17.005;17.004;17.004;17.004;17.003;17.003;17.003;17.002;17.002;17.002;17.002;17.002;17.001;17.001;17.001;17.001;17.001;17.001;17.001;17.001;17.001;17.001;17.0;17.0;17.0;17.0;17.0;17.0;17.0;17.0;17.0;17.0;17.0;17.0;17.0;17.0;17.0;17.0;17.0;17.0;17.0;17.0;17.0;');
INSERT INTO "Neighb_Ds_Ti" VALUES(2,'1','1','2','5','2','2','Denia','Denia_2','Owner_2','6000','160','20','32','48','90','0','90','1445471.771;263543.759;58957.598;15803.301;4976.512;1813.675;757.653;361.186;196.191;121.024;83.948;64.337;53.308;46.761;42.686;40.042;38.262;37.025;36.14;35.491;35.005;34.633;34.344;34.116;33.934;33.787;33.667;33.568;33.485;33.416;33.359;33.309;33.268;33.232;33.202;33.175;33.153;33.133;33.116;33.102;33.089;33.078;33.068;33.06;33.053;33.046;33.04;33.035;33.031;33.027;33.024;33.021;33.019;33.016;33.014;33.013;33.011;33.01;33.009;33.008;33.007;33.006;33.005;33.005;33.004;33.003;33.003;33.003;33.002;33.002;33.002;33.002;33.001;33.001;33.001;33.001;33.001;33.001;33.001;33.001;33.001;33.0;33.0;33.0;33.0;33.0;33.0;33.0;33.0;');
INSERT INTO "Neighb_Ds_Ti" VALUES(3,'1','1','2','5','2','3','Denia','Denia_2','Owner_2','6000','160','30','48','160','60','0','60','1047176.548;150431.435;28387.488;6794.167;2011.311;727.158;320.58;172.316;111.284;83.409;69.49;61.987;57.668;55.037;53.355;52.234;51.459;50.908;50.504;50.202;49.972;49.793;49.652;49.54;49.45;49.376;49.316;49.266;49.225;49.191;49.162;49.138;49.118;49.1;49.086;49.073;49.063;49.054;49.046;49.039;49.034;49.029;49.025;49.021;49.018;49.016;49.014;49.012;49.01;49.009;49.007;49.006;49.005;49.005;49.004;49.003;49.003;49.003;49.002;');
INSERT INTO "Neighb_Ds_Ti" VALUES(4,'1','1','2','5','2','4','Denia','Denia_2','Owner_2','6000','160','40','64','400','30','0','30','398171.171;30263.517;3901.072;800.546;260.68;132.392;93.377;78.942;72.7;69.644;67.993;67.027;66.426;66.032;65.763;65.574;65.438;65.337;65.261;65.204;65.16;65.126;65.1;65.079;65.063;65.05;65.04;65.032;65.025;');
INSERT INTO "Neighb_Ds_Ti" VALUES(5,'1','1','3','9','3','1','French_Carmel','French_Carmel_3','Owner_3','1000','110','10','11','11','120','0','120','1995273.315;467746.141;126776.187;39158.136;13607.59;5260.126;2239.837;1042.028;526.162;286.898;168.28;105.843;71.16;50.937;38.621;30.82;25.703;22.237;19.823;18.096;16.834;15.89;15.173;14.617;14.181;13.833;13.553;13.325;13.137;12.98;12.85;12.739;12.646;12.566;12.497;12.438;12.387;12.342;12.303;12.269;12.239;12.213;12.19;12.169;12.151;12.135;12.121;12.108;12.097;12.087;12.078;12.07;12.062;12.056;12.05;12.045;12.041;12.036;12.033;12.029;12.026;12.024;12.021;12.019;12.017;12.016;12.014;12.013;12.011;12.01;12.009;12.008;12.007;12.007;12.006;12.005;12.005;12.004;12.004;12.004;12.003;12.003;12.003;12.002;12.002;12.002;12.002;12.002;12.001;12.001;12.001;12.001;12.001;12.001;12.001;12.001;12.001;12.001;12.0;12.0;12.0;12.0;12.0;12.0;12.0;12.0;12.0;12.0;12.0;12.0;12.0;12.0;12.0;12.0;12.0;12.0;12.0;12.0;12.0;');
INSERT INTO "Neighb_Ds_Ti" VALUES(6,'1','1','3','9','3','2','French_Carmel','French_Carmel_3','Owner_3','1000','110','20','22','33','90','0','90','1445461.771;263533.759;58947.598;15793.301;4966.512;1803.675;747.653;351.186;186.191;111.024;73.948;54.337;43.308;36.761;32.686;30.042;28.262;27.025;26.14;25.491;25.005;24.633;24.344;24.116;23.934;23.787;23.667;23.568;23.485;23.416;23.359;23.309;23.268;23.232;23.202;23.175;23.153;23.133;23.116;23.102;23.089;23.078;23.068;23.06;23.053;23.046;23.04;23.035;23.031;23.027;23.024;23.021;23.019;23.016;23.014;23.013;23.011;23.01;23.009;23.008;23.007;23.006;23.005;23.005;23.004;23.003;23.003;23.003;23.002;23.002;23.002;23.002;23.001;23.001;23.001;23.001;23.001;23.001;23.001;23.001;23.001;23.0;23.0;23.0;23.0;23.0;23.0;23.0;23.0;');
INSERT INTO "Neighb_Ds_Ti" VALUES(7,'1','1','3','9','3','3','French_Carmel','French_Carmel_3','Owner_3','1000','110','30','33','110','60','0','60','1047161.548;150416.435;28372.488;6779.167;1996.311;712.158;305.58;157.316;96.284;68.409;54.49;46.987;42.668;40.037;38.355;37.234;36.459;35.908;35.504;35.202;34.972;34.793;34.652;34.54;34.45;34.376;34.316;34.266;34.225;34.191;34.162;34.138;34.118;34.1;34.086;34.073;34.063;34.054;34.046;34.039;34.034;34.029;34.025;34.021;34.018;34.016;34.014;34.012;34.01;34.009;34.007;34.006;34.005;34.005;34.004;34.003;34.003;34.003;34.002;');
INSERT INTO "Neighb_Ds_Ti" VALUES(8,'1','1','3','9','3','4','French_Carmel','French_Carmel_3','Owner_3','1000','110','40','44','275','30','0','30','398151.171;30243.517;3881.072;780.546;240.68;112.392;73.377;58.942;52.7;49.644;47.993;47.027;46.426;46.032;45.763;45.574;45.438;45.337;45.261;45.204;45.16;45.126;45.1;45.079;45.063;45.05;45.04;45.032;45.025;');
INSERT INTO "Neighb_Ds_Ti" VALUES(9,'1','1','6','16','4','1','Kababir','Kababir_1','Owner_4','8000','180','10','18','18','120','0','120','1995280.315;467753.141;126783.187;39165.136;13614.59;5267.126;2246.837;1049.028;533.162;293.898;175.28;112.843;78.16;57.937;45.621;37.82;32.703;29.237;26.823;25.096;23.834;22.89;22.173;21.617;21.181;20.833;20.553;20.325;20.137;19.98;19.85;19.739;19.646;19.566;19.497;19.438;19.387;19.342;19.303;19.269;19.239;19.213;19.19;19.169;19.151;19.135;19.121;19.108;19.097;19.087;19.078;19.07;19.062;19.056;19.05;19.045;19.041;19.036;19.033;19.029;19.026;19.024;19.021;19.019;19.017;19.016;19.014;19.013;19.011;19.01;19.009;19.008;19.007;19.007;19.006;19.005;19.005;19.004;19.004;19.004;19.003;19.003;19.003;19.002;19.002;19.002;19.002;19.002;19.001;19.001;19.001;19.001;19.001;19.001;19.001;19.001;19.001;19.001;19.0;19.0;19.0;19.0;19.0;19.0;19.0;19.0;19.0;19.0;19.0;19.0;19.0;19.0;19.0;19.0;19.0;19.0;19.0;19.0;19.0;');
INSERT INTO "Neighb_Ds_Ti" VALUES(10,'1','1','6','16','4','2','Kababir','Kababir_1','Owner_4','8000','180','20','36','54','90','0','90','1445475.771;263547.759;58961.598;15807.301;4980.512;1817.675;761.653;365.186;200.191;125.024;87.948;68.337;57.308;50.761;46.686;44.042;42.262;41.025;40.14;39.491;39.005;38.633;38.344;38.116;37.934;37.787;37.667;37.568;37.485;37.416;37.359;37.309;37.268;37.232;37.202;37.175;37.153;37.133;37.116;37.102;37.089;37.078;37.068;37.06;37.053;37.046;37.04;37.035;37.031;37.027;37.024;37.021;37.019;37.016;37.014;37.013;37.011;37.01;37.009;37.008;37.007;37.006;37.005;37.005;37.004;37.003;37.003;37.003;37.002;37.002;37.002;37.002;37.001;37.001;37.001;37.001;37.001;37.001;37.001;37.001;37.001;37.0;37.0;37.0;37.0;37.0;37.0;37.0;37.0;');
INSERT INTO "Neighb_Ds_Ti" VALUES(11,'1','1','6','16','4','3','Kababir','Kababir_1','Owner_4','8000','180','30','54','180','60','0','60','1047182.548;150437.435;28393.488;6800.167;2017.311;733.158;326.58;178.316;117.284;89.409;75.49;67.987;63.668;61.037;59.355;58.234;57.459;56.908;56.504;56.202;55.972;55.793;55.652;55.54;55.45;55.376;55.316;55.266;55.225;55.191;55.162;55.138;55.118;55.1;55.086;55.073;55.063;55.054;55.046;55.039;55.034;55.029;55.025;55.021;55.018;55.016;55.014;55.012;55.01;55.009;55.007;55.006;55.005;55.005;55.004;55.003;55.003;55.003;55.002;');
INSERT INTO "Neighb_Ds_Ti" VALUES(12,'1','1','6','16','4','4','Kababir','Kababir_1','Owner_4','8000','180','40','72','450','30','0','30','398179.171;30271.517;3909.072;808.546;268.68;140.392;101.377;86.942;80.7;77.644;75.993;75.027;74.426;74.032;73.763;73.574;73.438;73.337;73.261;73.204;73.16;73.126;73.1;73.079;73.063;73.05;73.04;73.032;73.025;');
INSERT INTO "Neighb_Ds_Ti" VALUES(13,'1','1','6','17','2','1','Kababir','Kababir_2','Owner_2','7000','170','10','17','17','120','0','120','1995279.315;467752.141;126782.187;39164.136;13613.59;5266.126;2245.837;1048.028;532.162;292.898;174.28;111.843;77.16;56.937;44.621;36.82;31.703;28.237;25.823;24.096;22.834;21.89;21.173;20.617;20.181;19.833;19.553;19.325;19.137;18.98;18.85;18.739;18.646;18.566;18.497;18.438;18.387;18.342;18.303;18.269;18.239;18.213;18.19;18.169;18.151;18.135;18.121;18.108;18.097;18.087;18.078;18.07;18.062;18.056;18.05;18.045;18.041;18.036;18.033;18.029;18.026;18.024;18.021;18.019;18.017;18.016;18.014;18.013;18.011;18.01;18.009;18.008;18.007;18.007;18.006;18.005;18.005;18.004;18.004;18.004;18.003;18.003;18.003;18.002;18.002;18.002;18.002;18.002;18.001;18.001;18.001;18.001;18.001;18.001;18.001;18.001;18.001;18.001;18.0;18.0;18.0;18.0;18.0;18.0;18.0;18.0;18.0;18.0;18.0;18.0;18.0;18.0;18.0;18.0;18.0;18.0;18.0;18.0;18.0;');
INSERT INTO "Neighb_Ds_Ti" VALUES(14,'1','1','6','17','2','2','Kababir','Kababir_2','Owner_2','7000','170','20','34','51','90','0','90','1445473.771;263545.759;58959.598;15805.301;4978.512;1815.675;759.653;363.186;198.191;123.024;85.948;66.337;55.308;48.761;44.686;42.042;40.262;39.025;38.14;37.491;37.005;36.633;36.344;36.116;35.934;35.787;35.667;35.568;35.485;35.416;35.359;35.309;35.268;35.232;35.202;35.175;35.153;35.133;35.116;35.102;35.089;35.078;35.068;35.06;35.053;35.046;35.04;35.035;35.031;35.027;35.024;35.021;35.019;35.016;35.014;35.013;35.011;35.01;35.009;35.008;35.007;35.006;35.005;35.005;35.004;35.003;35.003;35.003;35.002;35.002;35.002;35.002;35.001;35.001;35.001;35.001;35.001;35.001;35.001;35.001;35.001;35.0;35.0;35.0;35.0;35.0;35.0;35.0;35.0;');
INSERT INTO "Neighb_Ds_Ti" VALUES(15,'1','1','6','17','2','3','Kababir','Kababir_2','Owner_2','7000','170','30','51','170','60','0','60','1047179.548;150434.435;28390.488;6797.167;2014.311;730.158;323.58;175.316;114.284;86.409;72.49;64.987;60.668;58.037;56.355;55.234;54.459;53.908;53.504;53.202;52.972;52.793;52.652;52.54;52.45;52.376;52.316;52.266;52.225;52.191;52.162;52.138;52.118;52.1;52.086;52.073;52.063;52.054;52.046;52.039;52.034;52.029;52.025;52.021;52.018;52.016;52.014;52.012;52.01;52.009;52.007;52.006;52.005;52.005;52.004;52.003;52.003;52.003;52.002;');
INSERT INTO "Neighb_Ds_Ti" VALUES(16,'1','1','6','17','2','4','Kababir','Kababir_2','Owner_2','7000','170','40','68','425','30','0','30','398175.171;30267.517;3905.072;804.546;264.68;136.392;97.377;82.942;76.7;73.644;71.993;71.027;70.426;70.032;69.763;69.574;69.438;69.337;69.261;69.204;69.16;69.126;69.1;69.079;69.063;69.05;69.04;69.032;69.025;');
INSERT INTO "Neighb_Ds_Ti" VALUES(17,'1','1','3','7','2','1','French_Carmel','French_Carmel_1','Owner_2','4000','140','10','14','14','120','0','120','1995276.315;467749.141;126779.187;39161.136;13610.59;5263.126;2242.837;1045.028;529.162;289.898;171.28;108.843;74.16;53.937;41.621;33.82;28.703;25.237;22.823;21.096;19.834;18.89;18.173;17.617;17.181;16.833;16.553;16.325;16.137;15.98;15.85;15.739;15.646;15.566;15.497;15.438;15.387;15.342;15.303;15.269;15.239;15.213;15.19;15.169;15.151;15.135;15.121;15.108;15.097;15.087;15.078;15.07;15.062;15.056;15.05;15.045;15.041;15.036;15.033;15.029;15.026;15.024;15.021;15.019;15.017;15.016;15.014;15.013;15.011;15.01;15.009;15.008;15.007;15.007;15.006;15.005;15.005;15.004;15.004;15.004;15.003;15.003;15.003;15.002;15.002;15.002;15.002;15.002;15.001;15.001;15.001;15.001;15.001;15.001;15.001;15.001;15.001;15.001;15.0;15.0;15.0;15.0;15.0;15.0;15.0;15.0;15.0;15.0;15.0;15.0;15.0;15.0;15.0;15.0;15.0;15.0;15.0;15.0;15.0;');
INSERT INTO "Neighb_Ds_Ti" VALUES(18,'1','1','3','7','2','2','French_Carmel','French_Carmel_1','Owner_2','4000','140','20','28','42','90','0','90','1445467.771;263539.759;58953.598;15799.301;4972.512;1809.675;753.653;357.186;192.191;117.024;79.948;60.337;49.308;42.761;38.686;36.042;34.262;33.025;32.14;31.491;31.005;30.633;30.344;30.116;29.934;29.787;29.667;29.568;29.485;29.416;29.359;29.309;29.268;29.232;29.202;29.175;29.153;29.133;29.116;29.102;29.089;29.078;29.068;29.06;29.053;29.046;29.04;29.035;29.031;29.027;29.024;29.021;29.019;29.016;29.014;29.013;29.011;29.01;29.009;29.008;29.007;29.006;29.005;29.005;29.004;29.003;29.003;29.003;29.002;29.002;29.002;29.002;29.001;29.001;29.001;29.001;29.001;29.001;29.001;29.001;29.001;29.0;29.0;29.0;29.0;29.0;29.0;29.0;29.0;');
INSERT INTO "Neighb_Ds_Ti" VALUES(19,'1','1','3','7','2','3','French_Carmel','French_Carmel_1','Owner_2','4000','140','30','42','140','60','0','60','1047170.548;150425.435;28381.488;6788.167;2005.311;721.158;314.58;166.316;105.284;77.409;63.49;55.987;51.668;49.037;47.355;46.234;45.459;44.908;44.504;44.202;43.972;43.793;43.652;43.54;43.45;43.376;43.316;43.266;43.225;43.191;43.162;43.138;43.118;43.1;43.086;43.073;43.063;43.054;43.046;43.039;43.034;43.029;43.025;43.021;43.018;43.016;43.014;43.012;43.01;43.009;43.007;43.006;43.005;43.005;43.004;43.003;43.003;43.003;43.002;');
INSERT INTO "Neighb_Ds_Ti" VALUES(20,'1','1','3','7','2','4','French_Carmel','French_Carmel_1','Owner_2','4000','140','40','56','350','30','0','30','398163.171;30255.517;3893.072;792.546;252.68;124.392;85.377;70.942;64.7;61.644;59.993;59.027;58.426;58.032;57.763;57.574;57.438;57.337;57.261;57.204;57.16;57.126;57.1;57.079;57.063;57.05;57.04;57.032;57.025;');
INSERT INTO "Neighb_Ds_Ti" VALUES(21,'1','1','3','8','3','1','French_Carmel','French_Carmel_2','Owner_3','8000','180','10','18','18','120','0','120','1995280.315;467753.141;126783.187;39165.136;13614.59;5267.126;2246.837;1049.028;533.162;293.898;175.28;112.843;78.16;57.937;45.621;37.82;32.703;29.237;26.823;25.096;23.834;22.89;22.173;21.617;21.181;20.833;20.553;20.325;20.137;19.98;19.85;19.739;19.646;19.566;19.497;19.438;19.387;19.342;19.303;19.269;19.239;19.213;19.19;19.169;19.151;19.135;19.121;19.108;19.097;19.087;19.078;19.07;19.062;19.056;19.05;19.045;19.041;19.036;19.033;19.029;19.026;19.024;19.021;19.019;19.017;19.016;19.014;19.013;19.011;19.01;19.009;19.008;19.007;19.007;19.006;19.005;19.005;19.004;19.004;19.004;19.003;19.003;19.003;19.002;19.002;19.002;19.002;19.002;19.001;19.001;19.001;19.001;19.001;19.001;19.001;19.001;19.001;19.001;19.0;19.0;19.0;19.0;19.0;19.0;19.0;19.0;19.0;19.0;19.0;19.0;19.0;19.0;19.0;19.0;19.0;19.0;19.0;19.0;19.0;');
INSERT INTO "Neighb_Ds_Ti" VALUES(22,'1','1','3','8','3','2','French_Carmel','French_Carmel_2','Owner_3','8000','180','20','36','54','90','0','90','1445475.771;263547.759;58961.598;15807.301;4980.512;1817.675;761.653;365.186;200.191;125.024;87.948;68.337;57.308;50.761;46.686;44.042;42.262;41.025;40.14;39.491;39.005;38.633;38.344;38.116;37.934;37.787;37.667;37.568;37.485;37.416;37.359;37.309;37.268;37.232;37.202;37.175;37.153;37.133;37.116;37.102;37.089;37.078;37.068;37.06;37.053;37.046;37.04;37.035;37.031;37.027;37.024;37.021;37.019;37.016;37.014;37.013;37.011;37.01;37.009;37.008;37.007;37.006;37.005;37.005;37.004;37.003;37.003;37.003;37.002;37.002;37.002;37.002;37.001;37.001;37.001;37.001;37.001;37.001;37.001;37.001;37.001;37.0;37.0;37.0;37.0;37.0;37.0;37.0;37.0;');
INSERT INTO "Neighb_Ds_Ti" VALUES(23,'1','1','3','8','3','3','French_Carmel','French_Carmel_2','Owner_3','8000','180','30','54','180','60','0','60','1047182.548;150437.435;28393.488;6800.167;2017.311;733.158;326.58;178.316;117.284;89.409;75.49;67.987;63.668;61.037;59.355;58.234;57.459;56.908;56.504;56.202;55.972;55.793;55.652;55.54;55.45;55.376;55.316;55.266;55.225;55.191;55.162;55.138;55.118;55.1;55.086;55.073;55.063;55.054;55.046;55.039;55.034;55.029;55.025;55.021;55.018;55.016;55.014;55.012;55.01;55.009;55.007;55.006;55.005;55.005;55.004;55.003;55.003;55.003;55.002;');
INSERT INTO "Neighb_Ds_Ti" VALUES(24,'1','1','3','8','3','4','French_Carmel','French_Carmel_2','Owner_3','8000','180','40','72','450','30','0','30','398179.171;30271.517;3909.072;808.546;268.68;140.392;101.377;86.942;80.7;77.644;75.993;75.027;74.426;74.032;73.763;73.574;73.438;73.337;73.261;73.204;73.16;73.126;73.1;73.079;73.063;73.05;73.04;73.032;73.025;');
INSERT INTO "Neighb_Ds_Ti" VALUES(25,'1','1','4','10','5','1','German_Colony','German_Colony_1','Owner_5','8000','180','10','18','18','120','0','120','1995280.315;467753.141;126783.187;39165.136;13614.59;5267.126;2246.837;1049.028;533.162;293.898;175.28;112.843;78.16;57.937;45.621;37.82;32.703;29.237;26.823;25.096;23.834;22.89;22.173;21.617;21.181;20.833;20.553;20.325;20.137;19.98;19.85;19.739;19.646;19.566;19.497;19.438;19.387;19.342;19.303;19.269;19.239;19.213;19.19;19.169;19.151;19.135;19.121;19.108;19.097;19.087;19.078;19.07;19.062;19.056;19.05;19.045;19.041;19.036;19.033;19.029;19.026;19.024;19.021;19.019;19.017;19.016;19.014;19.013;19.011;19.01;19.009;19.008;19.007;19.007;19.006;19.005;19.005;19.004;19.004;19.004;19.003;19.003;19.003;19.002;19.002;19.002;19.002;19.002;19.001;19.001;19.001;19.001;19.001;19.001;19.001;19.001;19.001;19.001;19.0;19.0;19.0;19.0;19.0;19.0;19.0;19.0;19.0;19.0;19.0;19.0;19.0;19.0;19.0;19.0;19.0;19.0;19.0;19.0;19.0;');
INSERT INTO "Neighb_Ds_Ti" VALUES(26,'1','1','4','10','5','2','German_Colony','German_Colony_1','Owner_5','8000','180','20','36','54','90','0','90','1445475.771;263547.759;58961.598;15807.301;4980.512;1817.675;761.653;365.186;200.191;125.024;87.948;68.337;57.308;50.761;46.686;44.042;42.262;41.025;40.14;39.491;39.005;38.633;38.344;38.116;37.934;37.787;37.667;37.568;37.485;37.416;37.359;37.309;37.268;37.232;37.202;37.175;37.153;37.133;37.116;37.102;37.089;37.078;37.068;37.06;37.053;37.046;37.04;37.035;37.031;37.027;37.024;37.021;37.019;37.016;37.014;37.013;37.011;37.01;37.009;37.008;37.007;37.006;37.005;37.005;37.004;37.003;37.003;37.003;37.002;37.002;37.002;37.002;37.001;37.001;37.001;37.001;37.001;37.001;37.001;37.001;37.001;37.0;37.0;37.0;37.0;37.0;37.0;37.0;37.0;');
INSERT INTO "Neighb_Ds_Ti" VALUES(27,'1','1','4','10','5','3','German_Colony','German_Colony_1','Owner_5','8000','180','30','54','180','60','0','60','1047182.548;150437.435;28393.488;6800.167;2017.311;733.158;326.58;178.316;117.284;89.409;75.49;67.987;63.668;61.037;59.355;58.234;57.459;56.908;56.504;56.202;55.972;55.793;55.652;55.54;55.45;55.376;55.316;55.266;55.225;55.191;55.162;55.138;55.118;55.1;55.086;55.073;55.063;55.054;55.046;55.039;55.034;55.029;55.025;55.021;55.018;55.016;55.014;55.012;55.01;55.009;55.007;55.006;55.005;55.005;55.004;55.003;55.003;55.003;55.002;');
INSERT INTO "Neighb_Ds_Ti" VALUES(28,'1','1','4','10','5','4','German_Colony','German_Colony_1','Owner_5','8000','180','40','72','450','30','0','30','398179.171;30271.517;3909.072;808.546;268.68;140.392;101.377;86.942;80.7;77.644;75.993;75.027;74.426;74.032;73.763;73.574;73.438;73.337;73.261;73.204;73.16;73.126;73.1;73.079;73.063;73.05;73.04;73.032;73.025;');
INSERT INTO "Neighb_Ds_Ti" VALUES(29,'1','1','4','11','3','1','German_Colony','German_Colony_2','Owner_3','9000','190','10','19','19','120','0','120','1995281.315;467754.141;126784.187;39166.136;13615.59;5268.126;2247.837;1050.028;534.162;294.898;176.28;113.843;79.16;58.937;46.621;38.82;33.703;30.237;27.823;26.096;24.834;23.89;23.173;22.617;22.181;21.833;21.553;21.325;21.137;20.98;20.85;20.739;20.646;20.566;20.497;20.438;20.387;20.342;20.303;20.269;20.239;20.213;20.19;20.169;20.151;20.135;20.121;20.108;20.097;20.087;20.078;20.07;20.062;20.056;20.05;20.045;20.041;20.036;20.033;20.029;20.026;20.024;20.021;20.019;20.017;20.016;20.014;20.013;20.011;20.01;20.009;20.008;20.007;20.007;20.006;20.005;20.005;20.004;20.004;20.004;20.003;20.003;20.003;20.002;20.002;20.002;20.002;20.002;20.001;20.001;20.001;20.001;20.001;20.001;20.001;20.001;20.001;20.001;20.0;20.0;20.0;20.0;20.0;20.0;20.0;20.0;20.0;20.0;20.0;20.0;20.0;20.0;20.0;20.0;20.0;20.0;20.0;20.0;20.0;');
INSERT INTO "Neighb_Ds_Ti" VALUES(30,'1','1','4','11','3','2','German_Colony','German_Colony_2','Owner_3','9000','190','20','38','57','90','0','90','1445477.771;263549.759;58963.598;15809.301;4982.512;1819.675;763.653;367.186;202.191;127.024;89.948;70.337;59.308;52.761;48.686;46.042;44.262;43.025;42.14;41.491;41.005;40.633;40.344;40.116;39.934;39.787;39.667;39.568;39.485;39.416;39.359;39.309;39.268;39.232;39.202;39.175;39.153;39.133;39.116;39.102;39.089;39.078;39.068;39.06;39.053;39.046;39.04;39.035;39.031;39.027;39.024;39.021;39.019;39.016;39.014;39.013;39.011;39.01;39.009;39.008;39.007;39.006;39.005;39.005;39.004;39.003;39.003;39.003;39.002;39.002;39.002;39.002;39.001;39.001;39.001;39.001;39.001;39.001;39.001;39.001;39.001;39.0;39.0;39.0;39.0;39.0;39.0;39.0;39.0;');
INSERT INTO "Neighb_Ds_Ti" VALUES(31,'1','1','4','11','3','3','German_Colony','German_Colony_2','Owner_3','9000','190','30','57','190','60','0','60','1047185.548;150440.435;28396.488;6803.167;2020.311;736.158;329.58;181.316;120.284;92.409;78.49;70.987;66.668;64.037;62.355;61.234;60.459;59.908;59.504;59.202;58.972;58.793;58.652;58.54;58.45;58.376;58.316;58.266;58.225;58.191;58.162;58.138;58.118;58.1;58.086;58.073;58.063;58.054;58.046;58.039;58.034;58.029;58.025;58.021;58.018;58.016;58.014;58.012;58.01;58.009;58.007;58.006;58.005;58.005;58.004;58.003;58.003;58.003;58.002;');
INSERT INTO "Neighb_Ds_Ti" VALUES(32,'1','1','4','11','3','4','German_Colony','German_Colony_2','Owner_3','9000','190','40','76','475','30','0','30','398183.171;30275.517;3913.072;812.546;272.68;144.392;105.377;90.942;84.7;81.644;79.993;79.027;78.426;78.032;77.763;77.574;77.438;77.337;77.261;77.204;77.16;77.126;77.1;77.079;77.063;77.05;77.04;77.032;77.025;');
INSERT INTO "Neighb_Ds_Ti" VALUES(33,'1','1','4','12','1','1','German_Colony','German_Colony_3','Owner_1','8000','180','10','18','18','120','0','120','1995280.315;467753.141;126783.187;39165.136;13614.59;5267.126;2246.837;1049.028;533.162;293.898;175.28;112.843;78.16;57.937;45.621;37.82;32.703;29.237;26.823;25.096;23.834;22.89;22.173;21.617;21.181;20.833;20.553;20.325;20.137;19.98;19.85;19.739;19.646;19.566;19.497;19.438;19.387;19.342;19.303;19.269;19.239;19.213;19.19;19.169;19.151;19.135;19.121;19.108;19.097;19.087;19.078;19.07;19.062;19.056;19.05;19.045;19.041;19.036;19.033;19.029;19.026;19.024;19.021;19.019;19.017;19.016;19.014;19.013;19.011;19.01;19.009;19.008;19.007;19.007;19.006;19.005;19.005;19.004;19.004;19.004;19.003;19.003;19.003;19.002;19.002;19.002;19.002;19.002;19.001;19.001;19.001;19.001;19.001;19.001;19.001;19.001;19.001;19.001;19.0;19.0;19.0;19.0;19.0;19.0;19.0;19.0;19.0;19.0;19.0;19.0;19.0;19.0;19.0;19.0;19.0;19.0;19.0;19.0;19.0;');
INSERT INTO "Neighb_Ds_Ti" VALUES(34,'1','1','4','12','1','2','German_Colony','German_Colony_3','Owner_1','8000','180','20','36','54','90','0','90','1445475.771;263547.759;58961.598;15807.301;4980.512;1817.675;761.653;365.186;200.191;125.024;87.948;68.337;57.308;50.761;46.686;44.042;42.262;41.025;40.14;39.491;39.005;38.633;38.344;38.116;37.934;37.787;37.667;37.568;37.485;37.416;37.359;37.309;37.268;37.232;37.202;37.175;37.153;37.133;37.116;37.102;37.089;37.078;37.068;37.06;37.053;37.046;37.04;37.035;37.031;37.027;37.024;37.021;37.019;37.016;37.014;37.013;37.011;37.01;37.009;37.008;37.007;37.006;37.005;37.005;37.004;37.003;37.003;37.003;37.002;37.002;37.002;37.002;37.001;37.001;37.001;37.001;37.001;37.001;37.001;37.001;37.001;37.0;37.0;37.0;37.0;37.0;37.0;37.0;37.0;');
INSERT INTO "Neighb_Ds_Ti" VALUES(35,'1','1','4','12','1','3','German_Colony','German_Colony_3','Owner_1','8000','180','30','54','180','60','0','60','1047182.548;150437.435;28393.488;6800.167;2017.311;733.158;326.58;178.316;117.284;89.409;75.49;67.987;63.668;61.037;59.355;58.234;57.459;56.908;56.504;56.202;55.972;55.793;55.652;55.54;55.45;55.376;55.316;55.266;55.225;55.191;55.162;55.138;55.118;55.1;55.086;55.073;55.063;55.054;55.046;55.039;55.034;55.029;55.025;55.021;55.018;55.016;55.014;55.012;55.01;55.009;55.007;55.006;55.005;55.005;55.004;55.003;55.003;55.003;55.002;');
INSERT INTO "Neighb_Ds_Ti" VALUES(36,'1','1','4','12','1','4','German_Colony','German_Colony_3','Owner_1','8000','180','40','72','450','30','0','30','398179.171;30271.517;3909.072;808.546;268.68;140.392;101.377;86.942;80.7;77.644;75.993;75.027;74.426;74.032;73.763;73.574;73.438;73.337;73.261;73.204;73.16;73.126;73.1;73.079;73.063;73.05;73.04;73.032;73.025;');
INSERT INTO "Neighb_Ds_Ti" VALUES(37,'1','1','6','18','3','1','Kababir','Kababir_3','Owner_3','6000','160','10','16','16','120','0','120','1995278.315;467751.141;126781.187;39163.136;13612.59;5265.126;2244.837;1047.028;531.162;291.898;173.28;110.843;76.16;55.937;43.621;35.82;30.703;27.237;24.823;23.096;21.834;20.89;20.173;19.617;19.181;18.833;18.553;18.325;18.137;17.98;17.85;17.739;17.646;17.566;17.497;17.438;17.387;17.342;17.303;17.269;17.239;17.213;17.19;17.169;17.151;17.135;17.121;17.108;17.097;17.087;17.078;17.07;17.062;17.056;17.05;17.045;17.041;17.036;17.033;17.029;17.026;17.024;17.021;17.019;17.017;17.016;17.014;17.013;17.011;17.01;17.009;17.008;17.007;17.007;17.006;17.005;17.005;17.004;17.004;17.004;17.003;17.003;17.003;17.002;17.002;17.002;17.002;17.002;17.001;17.001;17.001;17.001;17.001;17.001;17.001;17.001;17.001;17.001;17.0;17.0;17.0;17.0;17.0;17.0;17.0;17.0;17.0;17.0;17.0;17.0;17.0;17.0;17.0;17.0;17.0;17.0;17.0;17.0;17.0;');
INSERT INTO "Neighb_Ds_Ti" VALUES(38,'1','1','6','18','3','2','Kababir','Kababir_3','Owner_3','6000','160','20','32','48','90','0','90','1445471.771;263543.759;58957.598;15803.301;4976.512;1813.675;757.653;361.186;196.191;121.024;83.948;64.337;53.308;46.761;42.686;40.042;38.262;37.025;36.14;35.491;35.005;34.633;34.344;34.116;33.934;33.787;33.667;33.568;33.485;33.416;33.359;33.309;33.268;33.232;33.202;33.175;33.153;33.133;33.116;33.102;33.089;33.078;33.068;33.06;33.053;33.046;33.04;33.035;33.031;33.027;33.024;33.021;33.019;33.016;33.014;33.013;33.011;33.01;33.009;33.008;33.007;33.006;33.005;33.005;33.004;33.003;33.003;33.003;33.002;33.002;33.002;33.002;33.001;33.001;33.001;33.001;33.001;33.001;33.001;33.001;33.001;33.0;33.0;33.0;33.0;33.0;33.0;33.0;33.0;');
INSERT INTO "Neighb_Ds_Ti" VALUES(39,'1','1','6','18','3','3','Kababir','Kababir_3','Owner_3','6000','160','30','48','160','60','0','60','1047176.548;150431.435;28387.488;6794.167;2011.311;727.158;320.58;172.316;111.284;83.409;69.49;61.987;57.668;55.037;53.355;52.234;51.459;50.908;50.504;50.202;49.972;49.793;49.652;49.54;49.45;49.376;49.316;49.266;49.225;49.191;49.162;49.138;49.118;49.1;49.086;49.073;49.063;49.054;49.046;49.039;49.034;49.029;49.025;49.021;49.018;49.016;49.014;49.012;49.01;49.009;49.007;49.006;49.005;49.005;49.004;49.003;49.003;49.003;49.002;');
INSERT INTO "Neighb_Ds_Ti" VALUES(40,'1','1','6','18','3','4','Kababir','Kababir_3','Owner_3','6000','160','40','64','400','30','0','30','398171.171;30263.517;3901.072;800.546;260.68;132.392;93.377;78.942;72.7;69.644;67.993;67.027;66.426;66.032;65.763;65.574;65.438;65.337;65.261;65.204;65.16;65.126;65.1;65.079;65.063;65.05;65.04;65.032;65.025;');
INSERT INTO "Neighb_Ds_Ti" VALUES(41,'1','1','5','13','2','1','Hadar_HaCarmel','Hadar_HaCarmel_1','Owner_2','6000','160','10','16','16','120','0','120','1995278.315;467751.141;126781.187;39163.136;13612.59;5265.126;2244.837;1047.028;531.162;291.898;173.28;110.843;76.16;55.937;43.621;35.82;30.703;27.237;24.823;23.096;21.834;20.89;20.173;19.617;19.181;18.833;18.553;18.325;18.137;17.98;17.85;17.739;17.646;17.566;17.497;17.438;17.387;17.342;17.303;17.269;17.239;17.213;17.19;17.169;17.151;17.135;17.121;17.108;17.097;17.087;17.078;17.07;17.062;17.056;17.05;17.045;17.041;17.036;17.033;17.029;17.026;17.024;17.021;17.019;17.017;17.016;17.014;17.013;17.011;17.01;17.009;17.008;17.007;17.007;17.006;17.005;17.005;17.004;17.004;17.004;17.003;17.003;17.003;17.002;17.002;17.002;17.002;17.002;17.001;17.001;17.001;17.001;17.001;17.001;17.001;17.001;17.001;17.001;17.0;17.0;17.0;17.0;17.0;17.0;17.0;17.0;17.0;17.0;17.0;17.0;17.0;17.0;17.0;17.0;17.0;17.0;17.0;17.0;17.0;');
INSERT INTO "Neighb_Ds_Ti" VALUES(42,'1','1','5','13','2','2','Hadar_HaCarmel','Hadar_HaCarmel_1','Owner_2','6000','160','20','32','48','90','0','90','1445471.771;263543.759;58957.598;15803.301;4976.512;1813.675;757.653;361.186;196.191;121.024;83.948;64.337;53.308;46.761;42.686;40.042;38.262;37.025;36.14;35.491;35.005;34.633;34.344;34.116;33.934;33.787;33.667;33.568;33.485;33.416;33.359;33.309;33.268;33.232;33.202;33.175;33.153;33.133;33.116;33.102;33.089;33.078;33.068;33.06;33.053;33.046;33.04;33.035;33.031;33.027;33.024;33.021;33.019;33.016;33.014;33.013;33.011;33.01;33.009;33.008;33.007;33.006;33.005;33.005;33.004;33.003;33.003;33.003;33.002;33.002;33.002;33.002;33.001;33.001;33.001;33.001;33.001;33.001;33.001;33.001;33.001;33.0;33.0;33.0;33.0;33.0;33.0;33.0;33.0;');
INSERT INTO "Neighb_Ds_Ti" VALUES(43,'1','1','5','13','2','3','Hadar_HaCarmel','Hadar_HaCarmel_1','Owner_2','6000','160','30','48','160','60','0','60','1047176.548;150431.435;28387.488;6794.167;2011.311;727.158;320.58;172.316;111.284;83.409;69.49;61.987;57.668;55.037;53.355;52.234;51.459;50.908;50.504;50.202;49.972;49.793;49.652;49.54;49.45;49.376;49.316;49.266;49.225;49.191;49.162;49.138;49.118;49.1;49.086;49.073;49.063;49.054;49.046;49.039;49.034;49.029;49.025;49.021;49.018;49.016;49.014;49.012;49.01;49.009;49.007;49.006;49.005;49.005;49.004;49.003;49.003;49.003;49.002;');
INSERT INTO "Neighb_Ds_Ti" VALUES(44,'1','1','5','13','2','4','Hadar_HaCarmel','Hadar_HaCarmel_1','Owner_2','6000','160','40','64','400','30','0','30','398171.171;30263.517;3901.072;800.546;260.68;132.392;93.377;78.942;72.7;69.644;67.993;67.027;66.426;66.032;65.763;65.574;65.438;65.337;65.261;65.204;65.16;65.126;65.1;65.079;65.063;65.05;65.04;65.032;65.025;');
INSERT INTO "Neighb_Ds_Ti" VALUES(45,'1','1','5','15','5','1','Hadar_HaCarmel','Hadar_HaCarmel_3','Owner_5','2000','120','10','12','12','120','0','120','1995274.315;467747.141;126777.187;39159.136;13608.59;5261.126;2240.837;1043.028;527.162;287.898;169.28;106.843;72.16;51.937;39.621;31.82;26.703;23.237;20.823;19.096;17.834;16.89;16.173;15.617;15.181;14.833;14.553;14.325;14.137;13.98;13.85;13.739;13.646;13.566;13.497;13.438;13.387;13.342;13.303;13.269;13.239;13.213;13.19;13.169;13.151;13.135;13.121;13.108;13.097;13.087;13.078;13.07;13.062;13.056;13.05;13.045;13.041;13.036;13.033;13.029;13.026;13.024;13.021;13.019;13.017;13.016;13.014;13.013;13.011;13.01;13.009;13.008;13.007;13.007;13.006;13.005;13.005;13.004;13.004;13.004;13.003;13.003;13.003;13.002;13.002;13.002;13.002;13.002;13.001;13.001;13.001;13.001;13.001;13.001;13.001;13.001;13.001;13.001;13.0;13.0;13.0;13.0;13.0;13.0;13.0;13.0;13.0;13.0;13.0;13.0;13.0;13.0;13.0;13.0;13.0;13.0;13.0;13.0;13.0;');
INSERT INTO "Neighb_Ds_Ti" VALUES(46,'1','1','5','15','5','2','Hadar_HaCarmel','Hadar_HaCarmel_3','Owner_5','2000','120','20','24','36','90','0','90','1445463.771;263535.759;58949.598;15795.301;4968.512;1805.675;749.653;353.186;188.191;113.024;75.948;56.337;45.308;38.761;34.686;32.042;30.262;29.025;28.14;27.491;27.005;26.633;26.344;26.116;25.934;25.787;25.667;25.568;25.485;25.416;25.359;25.309;25.268;25.232;25.202;25.175;25.153;25.133;25.116;25.102;25.089;25.078;25.068;25.06;25.053;25.046;25.04;25.035;25.031;25.027;25.024;25.021;25.019;25.016;25.014;25.013;25.011;25.01;25.009;25.008;25.007;25.006;25.005;25.005;25.004;25.003;25.003;25.003;25.002;25.002;25.002;25.002;25.001;25.001;25.001;25.001;25.001;25.001;25.001;25.001;25.001;25.0;25.0;25.0;25.0;25.0;25.0;25.0;25.0;');
INSERT INTO "Neighb_Ds_Ti" VALUES(47,'1','1','5','15','5','3','Hadar_HaCarmel','Hadar_HaCarmel_3','Owner_5','2000','120','30','36','120','60','0','60','1047164.548;150419.435;28375.488;6782.167;1999.311;715.158;308.58;160.316;99.284;71.409;57.49;49.987;45.668;43.037;41.355;40.234;39.459;38.908;38.504;38.202;37.972;37.793;37.652;37.54;37.45;37.376;37.316;37.266;37.225;37.191;37.162;37.138;37.118;37.1;37.086;37.073;37.063;37.054;37.046;37.039;37.034;37.029;37.025;37.021;37.018;37.016;37.014;37.012;37.01;37.009;37.007;37.006;37.005;37.005;37.004;37.003;37.003;37.003;37.002;');
INSERT INTO "Neighb_Ds_Ti" VALUES(48,'1','1','5','15','5','4','Hadar_HaCarmel','Hadar_HaCarmel_3','Owner_5','2000','120','40','48','300','30','0','30','398155.171;30247.517;3885.072;784.546;244.68;116.392;77.377;62.942;56.7;53.644;51.993;51.027;50.426;50.032;49.763;49.574;49.438;49.337;49.261;49.204;49.16;49.126;49.1;49.079;49.063;49.05;49.04;49.032;49.025;');
INSERT INTO "Neighb_Ds_Ti" VALUES(49,'1','1','1','1','3','1','Bat_Galim','Bat_Galim_1','Owner_3','4000','140','10','14','14','120','0','120','1995276.315;467749.141;126779.187;39161.136;13610.59;5263.126;2242.837;1045.028;529.162;289.898;171.28;108.843;74.16;53.937;41.621;33.82;28.703;25.237;22.823;21.096;19.834;18.89;18.173;17.617;17.181;16.833;16.553;16.325;16.137;15.98;15.85;15.739;15.646;15.566;15.497;15.438;15.387;15.342;15.303;15.269;15.239;15.213;15.19;15.169;15.151;15.135;15.121;15.108;15.097;15.087;15.078;15.07;15.062;15.056;15.05;15.045;15.041;15.036;15.033;15.029;15.026;15.024;15.021;15.019;15.017;15.016;15.014;15.013;15.011;15.01;15.009;15.008;15.007;15.007;15.006;15.005;15.005;15.004;15.004;15.004;15.003;15.003;15.003;15.002;15.002;15.002;15.002;15.002;15.001;15.001;15.001;15.001;15.001;15.001;15.001;15.001;15.001;15.001;15.0;15.0;15.0;15.0;15.0;15.0;15.0;15.0;15.0;15.0;15.0;15.0;15.0;15.0;15.0;15.0;15.0;15.0;15.0;15.0;15.0;');
INSERT INTO "Neighb_Ds_Ti" VALUES(50,'1','1','1','1','3','2','Bat_Galim','Bat_Galim_1','Owner_3','4000','140','20','28','42','90','0','90','1445467.771;263539.759;58953.598;15799.301;4972.512;1809.675;753.653;357.186;192.191;117.024;79.948;60.337;49.308;42.761;38.686;36.042;34.262;33.025;32.14;31.491;31.005;30.633;30.344;30.116;29.934;29.787;29.667;29.568;29.485;29.416;29.359;29.309;29.268;29.232;29.202;29.175;29.153;29.133;29.116;29.102;29.089;29.078;29.068;29.06;29.053;29.046;29.04;29.035;29.031;29.027;29.024;29.021;29.019;29.016;29.014;29.013;29.011;29.01;29.009;29.008;29.007;29.006;29.005;29.005;29.004;29.003;29.003;29.003;29.002;29.002;29.002;29.002;29.001;29.001;29.001;29.001;29.001;29.001;29.001;29.001;29.001;29.0;29.0;29.0;29.0;29.0;29.0;29.0;29.0;');
INSERT INTO "Neighb_Ds_Ti" VALUES(51,'1','1','1','1','3','3','Bat_Galim','Bat_Galim_1','Owner_3','4000','140','30','42','140','60','0','60','1047170.548;150425.435;28381.488;6788.167;2005.311;721.158;314.58;166.316;105.284;77.409;63.49;55.987;51.668;49.037;47.355;46.234;45.459;44.908;44.504;44.202;43.972;43.793;43.652;43.54;43.45;43.376;43.316;43.266;43.225;43.191;43.162;43.138;43.118;43.1;43.086;43.073;43.063;43.054;43.046;43.039;43.034;43.029;43.025;43.021;43.018;43.016;43.014;43.012;43.01;43.009;43.007;43.006;43.005;43.005;43.004;43.003;43.003;43.003;43.002;');
INSERT INTO "Neighb_Ds_Ti" VALUES(52,'1','1','1','1','3','4','Bat_Galim','Bat_Galim_1','Owner_3','4000','140','40','56','350','30','0','30','398163.171;30255.517;3893.072;792.546;252.68;124.392;85.377;70.942;64.7;61.644;59.993;59.027;58.426;58.032;57.763;57.574;57.438;57.337;57.261;57.204;57.16;57.126;57.1;57.079;57.063;57.05;57.04;57.032;57.025;');
INSERT INTO "Neighb_Ds_Ti" VALUES(53,'1','1','1','2','5','1','Bat_Galim','Bat_Galim_2','Owner_5','4000','140','10','14','14','120','0','120','1995276.315;467749.141;126779.187;39161.136;13610.59;5263.126;2242.837;1045.028;529.162;289.898;171.28;108.843;74.16;53.937;41.621;33.82;28.703;25.237;22.823;21.096;19.834;18.89;18.173;17.617;17.181;16.833;16.553;16.325;16.137;15.98;15.85;15.739;15.646;15.566;15.497;15.438;15.387;15.342;15.303;15.269;15.239;15.213;15.19;15.169;15.151;15.135;15.121;15.108;15.097;15.087;15.078;15.07;15.062;15.056;15.05;15.045;15.041;15.036;15.033;15.029;15.026;15.024;15.021;15.019;15.017;15.016;15.014;15.013;15.011;15.01;15.009;15.008;15.007;15.007;15.006;15.005;15.005;15.004;15.004;15.004;15.003;15.003;15.003;15.002;15.002;15.002;15.002;15.002;15.001;15.001;15.001;15.001;15.001;15.001;15.001;15.001;15.001;15.001;15.0;15.0;15.0;15.0;15.0;15.0;15.0;15.0;15.0;15.0;15.0;15.0;15.0;15.0;15.0;15.0;15.0;15.0;15.0;15.0;15.0;');
INSERT INTO "Neighb_Ds_Ti" VALUES(54,'1','1','1','2','5','2','Bat_Galim','Bat_Galim_2','Owner_5','4000','140','20','28','42','90','0','90','1445467.771;263539.759;58953.598;15799.301;4972.512;1809.675;753.653;357.186;192.191;117.024;79.948;60.337;49.308;42.761;38.686;36.042;34.262;33.025;32.14;31.491;31.005;30.633;30.344;30.116;29.934;29.787;29.667;29.568;29.485;29.416;29.359;29.309;29.268;29.232;29.202;29.175;29.153;29.133;29.116;29.102;29.089;29.078;29.068;29.06;29.053;29.046;29.04;29.035;29.031;29.027;29.024;29.021;29.019;29.016;29.014;29.013;29.011;29.01;29.009;29.008;29.007;29.006;29.005;29.005;29.004;29.003;29.003;29.003;29.002;29.002;29.002;29.002;29.001;29.001;29.001;29.001;29.001;29.001;29.001;29.001;29.001;29.0;29.0;29.0;29.0;29.0;29.0;29.0;29.0;');
INSERT INTO "Neighb_Ds_Ti" VALUES(55,'1','1','1','2','5','3','Bat_Galim','Bat_Galim_2','Owner_5','4000','140','30','42','140','60','0','60','1047170.548;150425.435;28381.488;6788.167;2005.311;721.158;314.58;166.316;105.284;77.409;63.49;55.987;51.668;49.037;47.355;46.234;45.459;44.908;44.504;44.202;43.972;43.793;43.652;43.54;43.45;43.376;43.316;43.266;43.225;43.191;43.162;43.138;43.118;43.1;43.086;43.073;43.063;43.054;43.046;43.039;43.034;43.029;43.025;43.021;43.018;43.016;43.014;43.012;43.01;43.009;43.007;43.006;43.005;43.005;43.004;43.003;43.003;43.003;43.002;');
INSERT INTO "Neighb_Ds_Ti" VALUES(56,'1','1','1','2','5','4','Bat_Galim','Bat_Galim_2','Owner_5','4000','140','40','56','350','30','0','30','398163.171;30255.517;3893.072;792.546;252.68;124.392;85.377;70.942;64.7;61.644;59.993;59.027;58.426;58.032;57.763;57.574;57.438;57.337;57.261;57.204;57.16;57.126;57.1;57.079;57.063;57.05;57.04;57.032;57.025;');
INSERT INTO "Neighb_Ds_Ti" VALUES(57,'1','1','1','3','4','1','Bat_Galim','Bat_Galim_3','Owner_4','7000','170','10','17','17','120','0','120','1995279.315;467752.141;126782.187;39164.136;13613.59;5266.126;2245.837;1048.028;532.162;292.898;174.28;111.843;77.16;56.937;44.621;36.82;31.703;28.237;25.823;24.096;22.834;21.89;21.173;20.617;20.181;19.833;19.553;19.325;19.137;18.98;18.85;18.739;18.646;18.566;18.497;18.438;18.387;18.342;18.303;18.269;18.239;18.213;18.19;18.169;18.151;18.135;18.121;18.108;18.097;18.087;18.078;18.07;18.062;18.056;18.05;18.045;18.041;18.036;18.033;18.029;18.026;18.024;18.021;18.019;18.017;18.016;18.014;18.013;18.011;18.01;18.009;18.008;18.007;18.007;18.006;18.005;18.005;18.004;18.004;18.004;18.003;18.003;18.003;18.002;18.002;18.002;18.002;18.002;18.001;18.001;18.001;18.001;18.001;18.001;18.001;18.001;18.001;18.001;18.0;18.0;18.0;18.0;18.0;18.0;18.0;18.0;18.0;18.0;18.0;18.0;18.0;18.0;18.0;18.0;18.0;18.0;18.0;18.0;18.0;');
INSERT INTO "Neighb_Ds_Ti" VALUES(58,'1','1','1','3','4','2','Bat_Galim','Bat_Galim_3','Owner_4','7000','170','20','34','51','90','0','90','1445473.771;263545.759;58959.598;15805.301;4978.512;1815.675;759.653;363.186;198.191;123.024;85.948;66.337;55.308;48.761;44.686;42.042;40.262;39.025;38.14;37.491;37.005;36.633;36.344;36.116;35.934;35.787;35.667;35.568;35.485;35.416;35.359;35.309;35.268;35.232;35.202;35.175;35.153;35.133;35.116;35.102;35.089;35.078;35.068;35.06;35.053;35.046;35.04;35.035;35.031;35.027;35.024;35.021;35.019;35.016;35.014;35.013;35.011;35.01;35.009;35.008;35.007;35.006;35.005;35.005;35.004;35.003;35.003;35.003;35.002;35.002;35.002;35.002;35.001;35.001;35.001;35.001;35.001;35.001;35.001;35.001;35.001;35.0;35.0;35.0;35.0;35.0;35.0;35.0;35.0;');
INSERT INTO "Neighb_Ds_Ti" VALUES(59,'1','1','1','3','4','3','Bat_Galim','Bat_Galim_3','Owner_4','7000','170','30','51','170','60','0','60','1047179.548;150434.435;28390.488;6797.167;2014.311;730.158;323.58;175.316;114.284;86.409;72.49;64.987;60.668;58.037;56.355;55.234;54.459;53.908;53.504;53.202;52.972;52.793;52.652;52.54;52.45;52.376;52.316;52.266;52.225;52.191;52.162;52.138;52.118;52.1;52.086;52.073;52.063;52.054;52.046;52.039;52.034;52.029;52.025;52.021;52.018;52.016;52.014;52.012;52.01;52.009;52.007;52.006;52.005;52.005;52.004;52.003;52.003;52.003;52.002;');
INSERT INTO "Neighb_Ds_Ti" VALUES(60,'1','1','1','3','4','4','Bat_Galim','Bat_Galim_3','Owner_4','7000','170','40','68','425','30','0','30','398175.171;30267.517;3905.072;804.546;264.68;136.392;97.377;82.942;76.7;73.644;71.993;71.027;70.426;70.032;69.763;69.574;69.438;69.337;69.261;69.204;69.16;69.126;69.1;69.079;69.063;69.05;69.04;69.032;69.025;');
INSERT INTO "Neighb_Ds_Ti" VALUES(61,'1','1','5','14','4','1','Hadar_HaCarmel','Hadar_HaCarmel_2','Owner_4','6000','160','10','16','16','120','0','120','1995278.315;467751.141;126781.187;39163.136;13612.59;5265.126;2244.837;1047.028;531.162;291.898;173.28;110.843;76.16;55.937;43.621;35.82;30.703;27.237;24.823;23.096;21.834;20.89;20.173;19.617;19.181;18.833;18.553;18.325;18.137;17.98;17.85;17.739;17.646;17.566;17.497;17.438;17.387;17.342;17.303;17.269;17.239;17.213;17.19;17.169;17.151;17.135;17.121;17.108;17.097;17.087;17.078;17.07;17.062;17.056;17.05;17.045;17.041;17.036;17.033;17.029;17.026;17.024;17.021;17.019;17.017;17.016;17.014;17.013;17.011;17.01;17.009;17.008;17.007;17.007;17.006;17.005;17.005;17.004;17.004;17.004;17.003;17.003;17.003;17.002;17.002;17.002;17.002;17.002;17.001;17.001;17.001;17.001;17.001;17.001;17.001;17.001;17.001;17.001;17.0;17.0;17.0;17.0;17.0;17.0;17.0;17.0;17.0;17.0;17.0;17.0;17.0;17.0;17.0;17.0;17.0;17.0;17.0;17.0;17.0;');
INSERT INTO "Neighb_Ds_Ti" VALUES(62,'1','1','5','14','4','2','Hadar_HaCarmel','Hadar_HaCarmel_2','Owner_4','6000','160','20','32','48','90','0','90','1445471.771;263543.759;58957.598;15803.301;4976.512;1813.675;757.653;361.186;196.191;121.024;83.948;64.337;53.308;46.761;42.686;40.042;38.262;37.025;36.14;35.491;35.005;34.633;34.344;34.116;33.934;33.787;33.667;33.568;33.485;33.416;33.359;33.309;33.268;33.232;33.202;33.175;33.153;33.133;33.116;33.102;33.089;33.078;33.068;33.06;33.053;33.046;33.04;33.035;33.031;33.027;33.024;33.021;33.019;33.016;33.014;33.013;33.011;33.01;33.009;33.008;33.007;33.006;33.005;33.005;33.004;33.003;33.003;33.003;33.002;33.002;33.002;33.002;33.001;33.001;33.001;33.001;33.001;33.001;33.001;33.001;33.001;33.0;33.0;33.0;33.0;33.0;33.0;33.0;33.0;');
INSERT INTO "Neighb_Ds_Ti" VALUES(63,'1','1','5','14','4','3','Hadar_HaCarmel','Hadar_HaCarmel_2','Owner_4','6000','160','30','48','160','60','0','60','1047176.548;150431.435;28387.488;6794.167;2011.311;727.158;320.58;172.316;111.284;83.409;69.49;61.987;57.668;55.037;53.355;52.234;51.459;50.908;50.504;50.202;49.972;49.793;49.652;49.54;49.45;49.376;49.316;49.266;49.225;49.191;49.162;49.138;49.118;49.1;49.086;49.073;49.063;49.054;49.046;49.039;49.034;49.029;49.025;49.021;49.018;49.016;49.014;49.012;49.01;49.009;49.007;49.006;49.005;49.005;49.004;49.003;49.003;49.003;49.002;');
INSERT INTO "Neighb_Ds_Ti" VALUES(64,'1','1','5','14','4','4','Hadar_HaCarmel','Hadar_HaCarmel_2','Owner_4','6000','160','40','64','400','30','0','30','398171.171;30263.517;3901.072;800.546;260.68;132.392;93.377;78.942;72.7;69.644;67.993;67.027;66.426;66.032;65.763;65.574;65.438;65.337;65.261;65.204;65.16;65.126;65.1;65.079;65.063;65.05;65.04;65.032;65.025;');
INSERT INTO "Neighb_Ds_Ti" VALUES(65,'1','1','2','4','3','1','Denia','Denia_1','Owner_3','7000','170','10','17','17','120','0','120','1995279.315;467752.141;126782.187;39164.136;13613.59;5266.126;2245.837;1048.028;532.162;292.898;174.28;111.843;77.16;56.937;44.621;36.82;31.703;28.237;25.823;24.096;22.834;21.89;21.173;20.617;20.181;19.833;19.553;19.325;19.137;18.98;18.85;18.739;18.646;18.566;18.497;18.438;18.387;18.342;18.303;18.269;18.239;18.213;18.19;18.169;18.151;18.135;18.121;18.108;18.097;18.087;18.078;18.07;18.062;18.056;18.05;18.045;18.041;18.036;18.033;18.029;18.026;18.024;18.021;18.019;18.017;18.016;18.014;18.013;18.011;18.01;18.009;18.008;18.007;18.007;18.006;18.005;18.005;18.004;18.004;18.004;18.003;18.003;18.003;18.002;18.002;18.002;18.002;18.002;18.001;18.001;18.001;18.001;18.001;18.001;18.001;18.001;18.001;18.001;18.0;18.0;18.0;18.0;18.0;18.0;18.0;18.0;18.0;18.0;18.0;18.0;18.0;18.0;18.0;18.0;18.0;18.0;18.0;18.0;18.0;');
INSERT INTO "Neighb_Ds_Ti" VALUES(66,'1','1','2','4','3','2','Denia','Denia_1','Owner_3','7000','170','20','34','51','90','0','90','1445473.771;263545.759;58959.598;15805.301;4978.512;1815.675;759.653;363.186;198.191;123.024;85.948;66.337;55.308;48.761;44.686;42.042;40.262;39.025;38.14;37.491;37.005;36.633;36.344;36.116;35.934;35.787;35.667;35.568;35.485;35.416;35.359;35.309;35.268;35.232;35.202;35.175;35.153;35.133;35.116;35.102;35.089;35.078;35.068;35.06;35.053;35.046;35.04;35.035;35.031;35.027;35.024;35.021;35.019;35.016;35.014;35.013;35.011;35.01;35.009;35.008;35.007;35.006;35.005;35.005;35.004;35.003;35.003;35.003;35.002;35.002;35.002;35.002;35.001;35.001;35.001;35.001;35.001;35.001;35.001;35.001;35.001;35.0;35.0;35.0;35.0;35.0;35.0;35.0;35.0;');
INSERT INTO "Neighb_Ds_Ti" VALUES(67,'1','1','2','4','3','3','Denia','Denia_1','Owner_3','7000','170','30','51','170','60','0','60','1047179.548;150434.435;28390.488;6797.167;2014.311;730.158;323.58;175.316;114.284;86.409;72.49;64.987;60.668;58.037;56.355;55.234;54.459;53.908;53.504;53.202;52.972;52.793;52.652;52.54;52.45;52.376;52.316;52.266;52.225;52.191;52.162;52.138;52.118;52.1;52.086;52.073;52.063;52.054;52.046;52.039;52.034;52.029;52.025;52.021;52.018;52.016;52.014;52.012;52.01;52.009;52.007;52.006;52.005;52.005;52.004;52.003;52.003;52.003;52.002;');
INSERT INTO "Neighb_Ds_Ti" VALUES(68,'1','1','2','4','3','4','Denia','Denia_1','Owner_3','7000','170','40','68','425','30','0','30','398175.171;30267.517;3905.072;804.546;264.68;136.392;97.377;82.942;76.7;73.644;71.993;71.027;70.426;70.032;69.763;69.574;69.438;69.337;69.261;69.204;69.16;69.126;69.1;69.079;69.063;69.05;69.04;69.032;69.025;');
INSERT INTO "Neighb_Ds_Ti" VALUES(69,'1','1','2','6','2','1','Denia','Denia_3','Owner_2','8000','180','10','18','18','120','0','120','1995280.315;467753.141;126783.187;39165.136;13614.59;5267.126;2246.837;1049.028;533.162;293.898;175.28;112.843;78.16;57.937;45.621;37.82;32.703;29.237;26.823;25.096;23.834;22.89;22.173;21.617;21.181;20.833;20.553;20.325;20.137;19.98;19.85;19.739;19.646;19.566;19.497;19.438;19.387;19.342;19.303;19.269;19.239;19.213;19.19;19.169;19.151;19.135;19.121;19.108;19.097;19.087;19.078;19.07;19.062;19.056;19.05;19.045;19.041;19.036;19.033;19.029;19.026;19.024;19.021;19.019;19.017;19.016;19.014;19.013;19.011;19.01;19.009;19.008;19.007;19.007;19.006;19.005;19.005;19.004;19.004;19.004;19.003;19.003;19.003;19.002;19.002;19.002;19.002;19.002;19.001;19.001;19.001;19.001;19.001;19.001;19.001;19.001;19.001;19.001;19.0;19.0;19.0;19.0;19.0;19.0;19.0;19.0;19.0;19.0;19.0;19.0;19.0;19.0;19.0;19.0;19.0;19.0;19.0;19.0;19.0;');
INSERT INTO "Neighb_Ds_Ti" VALUES(70,'1','1','2','6','2','2','Denia','Denia_3','Owner_2','8000','180','20','36','54','90','0','90','1445475.771;263547.759;58961.598;15807.301;4980.512;1817.675;761.653;365.186;200.191;125.024;87.948;68.337;57.308;50.761;46.686;44.042;42.262;41.025;40.14;39.491;39.005;38.633;38.344;38.116;37.934;37.787;37.667;37.568;37.485;37.416;37.359;37.309;37.268;37.232;37.202;37.175;37.153;37.133;37.116;37.102;37.089;37.078;37.068;37.06;37.053;37.046;37.04;37.035;37.031;37.027;37.024;37.021;37.019;37.016;37.014;37.013;37.011;37.01;37.009;37.008;37.007;37.006;37.005;37.005;37.004;37.003;37.003;37.003;37.002;37.002;37.002;37.002;37.001;37.001;37.001;37.001;37.001;37.001;37.001;37.001;37.001;37.0;37.0;37.0;37.0;37.0;37.0;37.0;37.0;');
INSERT INTO "Neighb_Ds_Ti" VALUES(71,'1','1','2','6','2','3','Denia','Denia_3','Owner_2','8000','180','30','54','180','60','0','60','1047182.548;150437.435;28393.488;6800.167;2017.311;733.158;326.58;178.316;117.284;89.409;75.49;67.987;63.668;61.037;59.355;58.234;57.459;56.908;56.504;56.202;55.972;55.793;55.652;55.54;55.45;55.376;55.316;55.266;55.225;55.191;55.162;55.138;55.118;55.1;55.086;55.073;55.063;55.054;55.046;55.039;55.034;55.029;55.025;55.021;55.018;55.016;55.014;55.012;55.01;55.009;55.007;55.006;55.005;55.005;55.004;55.003;55.003;55.003;55.002;');
INSERT INTO "Neighb_Ds_Ti" VALUES(72,'1','1','2','6','2','4','Denia','Denia_3','Owner_2','8000','180','40','72','450','30','0','30','398179.171;30271.517;3909.072;808.546;268.68;140.392;101.377;86.942;80.7;77.644;75.993;75.027;74.426;74.032;73.763;73.574;73.438;73.337;73.261;73.204;73.16;73.126;73.1;73.079;73.063;73.05;73.04;73.032;73.025;');
CREATE TABLE User_Neighb_Ds_Md_Ti(ID INTEGER PRIMARY KEY AUTOINCREMENT, ID_User TEXT, ID_User_Media TEXT, ID_Country TEXT, ID_City TEXT, ID_Neighborhoods TEXT, ID_Digital_Signage TEXT, ID_Owner TEXT, Neighborhood TEXT, Nic_User TEXT, Dig_Sign TEXT, Owner_Name TEXT, Media_Name TEXT, Media_Cost TEXT, Media_Slots TEXT, Media_Total_Slots TEXT, DS_Cost TEXT, DS_Perc_Quality TEXT, UM_DS_COST TEXT, DS_Cost_Perc TEXT, DS_Media_Cost TEXT, DS_Media_Total_Slots TEXT);
INSERT INTO "User_Neighb_Ds_Md_Ti" VALUES(1,'1','1001','1','1','2','5','2','Denia','Alex','Denia_2','Owner_2','Alex_Clip_1','5000','5','11','6000','160','22000','27','1350','2');
INSERT INTO "User_Neighb_Ds_Md_Ti" VALUES(2,'1','1001','1','1','3','9','3','French_Carmel','Alex','French_Carmel_3','Owner_3','Alex_Clip_1','5000','5','11','1000','110','22000','4','200','0');
INSERT INTO "User_Neighb_Ds_Md_Ti" VALUES(3,'1','1001','1','1','6','16','4','Kababir','Alex','Kababir_1','Owner_4','Alex_Clip_1','5000','5','11','8000','180','22000','36','1800','3');
INSERT INTO "User_Neighb_Ds_Md_Ti" VALUES(4,'1','1001','1','1','6','17','2','Kababir','Alex','Kababir_2','Owner_2','Alex_Clip_1','5000','5','11','7000','170','22000','31','1550','3');
INSERT INTO "User_Neighb_Ds_Md_Ti" VALUES(5,'1','1002','1','1','3','7','2','French_Carmel','Alex','French_Carmel_1','Owner_2','Alex_Clip_2','3000','2','16','4000','140','4000','100','3000','16');
INSERT INTO "User_Neighb_Ds_Md_Ti" VALUES(6,'1','1003','1','1','3','8','3','French_Carmel','Alex','French_Carmel_2','Owner_3','Alex_Clip_3','3000','3','11','8000','180','8000','100','3000','11');
INSERT INTO "User_Neighb_Ds_Md_Ti" VALUES(7,'1','1005','1','1','4','10','5','German_Colony','Alex','German_Colony_1','Owner_5','Alex_Clip_5','5000','4','13','8000','180','8000','100','5000','13');
INSERT INTO "User_Neighb_Ds_Md_Ti" VALUES(8,'1','1006','1','1','4','11','3','German_Colony','Alex','German_Colony_2','Owner_3','Alex_Clip_6','4000','4','11','9000','190','9000','100','4000','11');
INSERT INTO "User_Neighb_Ds_Md_Ti" VALUES(9,'1','1007','1','1','4','12','1','German_Colony','Alex','German_Colony_3','Owner_1','Alex_Clip_7','5000','5','11','8000','180','8000','100','5000','11');
INSERT INTO "User_Neighb_Ds_Md_Ti" VALUES(10,'1','1010','1','1','6','18','3','Kababir','Alex','Kababir_3','Owner_3','Alex_Clip_10','5000','2','26','6000','160','6000','100','5000','26');
INSERT INTO "User_Neighb_Ds_Md_Ti" VALUES(11,'2','2001','1','1','3','7','2','French_Carmel','Dima','French_Carmel_1','Owner_2','Dima_Clip_1','1000','5','3','4000','140','37000','10','100','0');
INSERT INTO "User_Neighb_Ds_Md_Ti" VALUES(12,'2','2001','1','1','4','11','3','German_Colony','Dima','German_Colony_2','Owner_3','Dima_Clip_1','1000','5','3','9000','190','37000','24','240','0');
INSERT INTO "User_Neighb_Ds_Md_Ti" VALUES(13,'2','2001','1','1','4','12','1','German_Colony','Dima','German_Colony_3','Owner_1','Dima_Clip_1','1000','5','3','8000','180','37000','21','210','0');
INSERT INTO "User_Neighb_Ds_Md_Ti" VALUES(14,'2','2001','1','1','5','13','2','Hadar_HaCarmel','Dima','Hadar_HaCarmel_1','Owner_2','Dima_Clip_1','1000','5','3','6000','160','37000','16','160','0');
INSERT INTO "User_Neighb_Ds_Md_Ti" VALUES(15,'2','2001','1','1','5','15','5','Hadar_HaCarmel','Dima','Hadar_HaCarmel_3','Owner_5','Dima_Clip_1','1000','5','3','2000','120','37000','5','50','0');
INSERT INTO "User_Neighb_Ds_Md_Ti" VALUES(16,'2','2001','1','1','6','16','4','Kababir','Dima','Kababir_1','Owner_4','Dima_Clip_1','1000','5','3','8000','180','37000','21','210','0');
INSERT INTO "User_Neighb_Ds_Md_Ti" VALUES(17,'2','2011','1','1','1','1','3','Bat_Galim','Dima','Bat_Galim_1','Owner_3','Dima_Clip_11','2000','5','5','4000','140','4000','100','2000','5');
INSERT INTO "User_Neighb_Ds_Md_Ti" VALUES(18,'2','2012','1','1','1','2','5','Bat_Galim','Dima','Bat_Galim_2','Owner_5','Dima_Clip_12','1000','4','3','4000','140','4000','100','1000','3');
INSERT INTO "User_Neighb_Ds_Md_Ti" VALUES(19,'2','2013','1','1','1','3','4','Bat_Galim','Dima','Bat_Galim_3','Owner_4','Dima_Clip_13','5000','5','11','7000','170','7000','100','5000','11');
INSERT INTO "User_Neighb_Ds_Md_Ti" VALUES(20,'2','2015','1','1','3','9','3','French_Carmel','Dima','French_Carmel_3','Owner_3','Dima_Clip_15','4000','2','21','1000','110','1000','100','4000','21');
INSERT INTO "User_Neighb_Ds_Md_Ti" VALUES(21,'2','2016','1','1','4','10','5','German_Colony','Dima','German_Colony_1','Owner_5','Dima_Clip_16','4000','2','21','8000','180','8000','100','4000','21');
INSERT INTO "User_Neighb_Ds_Md_Ti" VALUES(22,'2','2020','1','1','5','14','4','Hadar_HaCarmel','Dima','Hadar_HaCarmel_2','Owner_4','Dima_Clip_20','1000','1','11','6000','160','6000','100','1000','11');
INSERT INTO "User_Neighb_Ds_Md_Ti" VALUES(23,'2','2023','1','1','6','17','2','Kababir','Dima','Kababir_2','Owner_2','Dima_Clip_23','1000','2','6','7000','170','7000','100','1000','6');
INSERT INTO "User_Neighb_Ds_Md_Ti" VALUES(24,'2','2024','1','1','6','18','3','Kababir','Dima','Kababir_3','Owner_3','Dima_Clip_24','4000','2','21','6000','160','6000','100','4000','21');
INSERT INTO "User_Neighb_Ds_Md_Ti" VALUES(25,'3','3001','1','1','3','7','2','French_Carmel','Sergey','French_Carmel_1','Owner_2','Sergey_Clip_1','5000','5','11','4000','140','23000','17','850','1');
INSERT INTO "User_Neighb_Ds_Md_Ti" VALUES(26,'3','3001','1','1','5','13','2','Hadar_HaCarmel','Sergey','Hadar_HaCarmel_1','Owner_2','Sergey_Clip_1','5000','5','11','6000','160','23000','26','1300','2');
INSERT INTO "User_Neighb_Ds_Md_Ti" VALUES(27,'3','3001','1','1','6','17','2','Kababir','Sergey','Kababir_2','Owner_2','Sergey_Clip_1','5000','5','11','7000','170','23000','30','1500','3');
INSERT INTO "User_Neighb_Ds_Md_Ti" VALUES(28,'3','3001','1','1','6','18','3','Kababir','Sergey','Kababir_3','Owner_3','Sergey_Clip_1','5000','5','11','6000','160','23000','26','1300','2');
INSERT INTO "User_Neighb_Ds_Md_Ti" VALUES(29,'3','3025','1','1','2','4','3','Denia','Sergey','Denia_1','Owner_3','Sergey_Clip_25','2000','3','7','7000','170','7000','100','2000','7');
INSERT INTO "User_Neighb_Ds_Md_Ti" VALUES(30,'3','3026','1','1','2','5','2','Denia','Sergey','Denia_2','Owner_2','Sergey_Clip_26','3000','2','16','6000','160','6000','100','3000','16');
INSERT INTO "User_Neighb_Ds_Md_Ti" VALUES(31,'3','3027','1','1','2','6','2','Denia','Sergey','Denia_3','Owner_2','Sergey_Clip_27','3000','1','31','8000','180','8000','100','3000','31');
INSERT INTO "User_Neighb_Ds_Md_Ti" VALUES(32,'3','3030','1','1','6','16','4','Kababir','Sergey','Kababir_1','Owner_4','Sergey_Clip_30','4000','3','14','8000','180','8000','100','4000','14');
INSERT INTO "User_Neighb_Ds_Md_Ti" VALUES(33,'4','4001','1','1','2','4','3','Denia','Rita','Denia_1','Owner_3','Rita_Clip_1','3000','3','11','7000','170','36000','19','570','2');
INSERT INTO "User_Neighb_Ds_Md_Ti" VALUES(34,'4','4001','1','1','5','13','2','Hadar_HaCarmel','Rita','Hadar_HaCarmel_1','Owner_2','Rita_Clip_1','3000','3','11','6000','160','36000','16','480','1');
INSERT INTO "User_Neighb_Ds_Md_Ti" VALUES(35,'4','4001','1','1','5','15','5','Hadar_HaCarmel','Rita','Hadar_HaCarmel_3','Owner_5','Rita_Clip_1','3000','3','11','2000','120','36000','5','150','0');
INSERT INTO "User_Neighb_Ds_Md_Ti" VALUES(36,'4','4001','1','1','6','16','4','Kababir','Rita','Kababir_1','Owner_4','Rita_Clip_1','3000','3','11','8000','180','36000','22','660','2');
INSERT INTO "User_Neighb_Ds_Md_Ti" VALUES(37,'4','4001','1','1','6','17','2','Kababir','Rita','Kababir_2','Owner_2','Rita_Clip_1','3000','3','11','7000','170','36000','19','570','2');
INSERT INTO "User_Neighb_Ds_Md_Ti" VALUES(38,'4','4001','1','1','6','18','3','Kababir','Rita','Kababir_3','Owner_3','Rita_Clip_1','3000','3','11','6000','160','36000','16','480','1');
INSERT INTO "User_Neighb_Ds_Md_Ti" VALUES(39,'4','4034','1','1','2','6','2','Denia','Rita','Denia_3','Owner_2','Rita_Clip_34','5000','5','11','8000','180','8000','100','5000','11');
INSERT INTO "User_Neighb_Ds_Md_Ti" VALUES(40,'4','4036','1','1','5','14','4','Hadar_HaCarmel','Rita','Hadar_HaCarmel_2','Owner_4','Rita_Clip_36','3000','2','16','6000','160','6000','100','3000','16');
INSERT INTO "User_Neighb_Ds_Md_Ti" VALUES(41,'5','5001','1','1','1','3','4','Bat_Galim','Alice','Bat_Galim_3','Owner_4','Alice_Clip_1','4000','4','11','7000','170','18000','38','1520','4');
INSERT INTO "User_Neighb_Ds_Md_Ti" VALUES(42,'5','5001','1','1','2','6','2','Denia','Alice','Denia_3','Owner_2','Alice_Clip_1','4000','4','11','8000','180','18000','44','1760','4');
INSERT INTO "User_Neighb_Ds_Md_Ti" VALUES(43,'5','5001','1','1','3','9','3','French_Carmel','Alice','French_Carmel_3','Owner_3','Alice_Clip_1','4000','4','11','1000','110','18000','5','200','0');
INSERT INTO "User_Neighb_Ds_Md_Ti" VALUES(44,'5','5001','1','1','5','15','5','Hadar_HaCarmel','Alice','Hadar_HaCarmel_3','Owner_5','Alice_Clip_1','4000','4','11','2000','120','18000','11','440','1');
INSERT INTO "User_Neighb_Ds_Md_Ti" VALUES(45,'5','5041','1','1','1','1','3','Bat_Galim','Alice','Bat_Galim_1','Owner_3','Alice_Clip_41','4000','5','9','4000','140','4000','100','4000','9');
INSERT INTO "User_Neighb_Ds_Md_Ti" VALUES(46,'5','5042','1','1','1','2','5','Bat_Galim','Alice','Bat_Galim_2','Owner_5','Alice_Clip_42','3000','1','31','4000','140','4000','100','3000','31');
INSERT INTO "User_Neighb_Ds_Md_Ti" VALUES(47,'5','5044','1','1','2','5','2','Denia','Alice','Denia_2','Owner_2','Alice_Clip_44','1000','1','11','6000','160','6000','100','1000','11');
INSERT INTO "User_Neighb_Ds_Md_Ti" VALUES(48,'5','5046','1','1','3','7','2','French_Carmel','Alice','French_Carmel_1','Owner_2','Alice_Clip_46','5000','2','26','4000','140','4000','100','5000','26');
INSERT INTO "User_Neighb_Ds_Md_Ti" VALUES(49,'5','5047','1','1','3','8','3','French_Carmel','Alice','French_Carmel_2','Owner_3','Alice_Clip_47','1000','2','6','8000','180','8000','100','1000','6');
INSERT INTO "User_Neighb_Ds_Md_Ti" VALUES(50,'5','5049','1','1','5','14','4','Hadar_HaCarmel','Alice','Hadar_HaCarmel_2','Owner_4','Alice_Clip_49','2000','5','5','6000','160','6000','100','2000','5');
INSERT INTO "User_Neighb_Ds_Md_Ti" VALUES(51,'5','5051','1','1','6','16','4','Kababir','Alice','Kababir_1','Owner_4','Alice_Clip_51','3000','4','8','8000','180','8000','100','3000','8');
INSERT INTO "User_Neighb_Ds_Md_Ti" VALUES(52,'5','5052','1','1','6','17','2','Kababir','Alice','Kababir_2','Owner_2','Alice_Clip_52','2000','5','5','7000','170','7000','100','2000','5');
INSERT INTO "User_Neighb_Ds_Md_Ti" VALUES(53,'5','5053','1','1','6','18','3','Kababir','Alice','Kababir_3','Owner_3','Alice_Clip_53','5000','4','13','6000','160','6000','100','5000','13');
INSERT INTO "User_Neighb_Ds_Md_Ti" VALUES(54,'6','6001','1','1','1','2','5','Bat_Galim','Ostin','Bat_Galim_2','Owner_5','Ostin_Clip_1','3000','3','11','4000','140','33000','12','360','1');
INSERT INTO "User_Neighb_Ds_Md_Ti" VALUES(55,'6','6001','1','1','4','10','5','German_Colony','Ostin','German_Colony_1','Owner_5','Ostin_Clip_1','3000','3','11','8000','180','33000','24','720','2');
INSERT INTO "User_Neighb_Ds_Md_Ti" VALUES(56,'6','6001','1','1','4','12','1','German_Colony','Ostin','German_Colony_3','Owner_1','Ostin_Clip_1','3000','3','11','8000','180','33000','24','720','2');
INSERT INTO "User_Neighb_Ds_Md_Ti" VALUES(57,'6','6001','1','1','6','17','2','Kababir','Ostin','Kababir_2','Owner_2','Ostin_Clip_1','3000','3','11','7000','170','33000','21','630','2');
INSERT INTO "User_Neighb_Ds_Md_Ti" VALUES(58,'6','6001','1','1','6','18','3','Kababir','Ostin','Kababir_3','Owner_3','Ostin_Clip_1','3000','3','11','6000','160','33000','18','540','1');
INSERT INTO "User_Neighb_Ds_Md_Ti" VALUES(59,'6','6055','1','1','1','3','4','Bat_Galim','Ostin','Bat_Galim_3','Owner_4','Ostin_Clip_55','4000','3','14','7000','170','7000','100','4000','14');
INSERT INTO "User_Neighb_Ds_Md_Ti" VALUES(60,'6','6056','1','1','2','4','3','Denia','Ostin','Denia_1','Owner_3','Ostin_Clip_56','1000','5','3','7000','170','7000','100','1000','3');
INSERT INTO "User_Neighb_Ds_Md_Ti" VALUES(61,'6','6057','1','1','2','5','2','Denia','Ostin','Denia_2','Owner_2','Ostin_Clip_57','4000','2','21','6000','160','6000','100','4000','21');
INSERT INTO "User_Neighb_Ds_Md_Ti" VALUES(62,'6','6058','1','1','2','6','2','Denia','Ostin','Denia_3','Owner_2','Ostin_Clip_58','1000','3','4','8000','180','8000','100','1000','4');
INSERT INTO "User_Neighb_Ds_Md_Ti" VALUES(63,'6','6060','1','1','4','11','3','German_Colony','Ostin','German_Colony_2','Owner_3','Ostin_Clip_60','4000','1','41','9000','190','9000','100','4000','41');
INSERT INTO "User_Neighb_Ds_Md_Ti" VALUES(64,'6','6062','1','1','6','16','4','Kababir','Ostin','Kababir_1','Owner_4','Ostin_Clip_62','4000','1','41','8000','180','8000','100','4000','41');
CREATE TABLE User_Media(ID INTEGER PRIMARY KEY AUTOINCREMENT, ID_User_Media TEXT, ID_User TEXT, Media_Name TEXT, Media_Cost TEXT, Media_Slots TEXT);
INSERT INTO "User_Media" VALUES(1,'1001','1','Alex_Clip_1','5000','5');
INSERT INTO "User_Media" VALUES(2,'1002','1','Alex_Clip_2','3000','2');
INSERT INTO "User_Media" VALUES(3,'1003','1','Alex_Clip_3','3000','3');
INSERT INTO "User_Media" VALUES(4,'1005','1','Alex_Clip_5','5000','4');
INSERT INTO "User_Media" VALUES(5,'1006','1','Alex_Clip_6','4000','4');
INSERT INTO "User_Media" VALUES(6,'1007','1','Alex_Clip_7','5000','5');
INSERT INTO "User_Media" VALUES(7,'1010','1','Alex_Clip_10','5000','2');
INSERT INTO "User_Media" VALUES(8,'2001','2','Dima_Clip_1','1000','5');
INSERT INTO "User_Media" VALUES(9,'2011','2','Dima_Clip_11','2000','5');
INSERT INTO "User_Media" VALUES(10,'2012','2','Dima_Clip_12','1000','4');
INSERT INTO "User_Media" VALUES(11,'2013','2','Dima_Clip_13','5000','5');
INSERT INTO "User_Media" VALUES(12,'2015','2','Dima_Clip_15','4000','2');
INSERT INTO "User_Media" VALUES(13,'2016','2','Dima_Clip_16','4000','2');
INSERT INTO "User_Media" VALUES(14,'2020','2','Dima_Clip_20','1000','1');
INSERT INTO "User_Media" VALUES(15,'2023','2','Dima_Clip_23','1000','2');
INSERT INTO "User_Media" VALUES(16,'2024','2','Dima_Clip_24','4000','2');
INSERT INTO "User_Media" VALUES(17,'3001','3','Sergey_Clip_1','5000','5');
INSERT INTO "User_Media" VALUES(18,'3025','3','Sergey_Clip_25','2000','3');
INSERT INTO "User_Media" VALUES(19,'3026','3','Sergey_Clip_26','3000','2');
INSERT INTO "User_Media" VALUES(20,'3027','3','Sergey_Clip_27','3000','1');
INSERT INTO "User_Media" VALUES(21,'3030','3','Sergey_Clip_30','4000','3');
INSERT INTO "User_Media" VALUES(22,'4001','4','Rita_Clip_1','3000','3');
INSERT INTO "User_Media" VALUES(23,'4034','4','Rita_Clip_34','5000','5');
INSERT INTO "User_Media" VALUES(24,'4036','4','Rita_Clip_36','3000','2');
INSERT INTO "User_Media" VALUES(25,'5001','5','Alice_Clip_1','4000','4');
INSERT INTO "User_Media" VALUES(26,'5041','5','Alice_Clip_41','4000','5');
INSERT INTO "User_Media" VALUES(27,'5042','5','Alice_Clip_42','3000','1');
INSERT INTO "User_Media" VALUES(28,'5044','5','Alice_Clip_44','1000','1');
INSERT INTO "User_Media" VALUES(29,'5046','5','Alice_Clip_46','5000','2');
INSERT INTO "User_Media" VALUES(30,'5047','5','Alice_Clip_47','1000','2');
INSERT INTO "User_Media" VALUES(31,'5049','5','Alice_Clip_49','2000','5');
INSERT INTO "User_Media" VALUES(32,'5051','5','Alice_Clip_51','3000','4');
INSERT INTO "User_Media" VALUES(33,'5052','5','Alice_Clip_52','2000','5');
INSERT INTO "User_Media" VALUES(34,'5053','5','Alice_Clip_53','5000','4');
INSERT INTO "User_Media" VALUES(35,'6001','6','Ostin_Clip_1','3000','3');
INSERT INTO "User_Media" VALUES(36,'6055','6','Ostin_Clip_55','4000','3');
INSERT INTO "User_Media" VALUES(37,'6056','6','Ostin_Clip_56','1000','5');
INSERT INTO "User_Media" VALUES(38,'6057','6','Ostin_Clip_57','4000','2');
INSERT INTO "User_Media" VALUES(39,'6058','6','Ostin_Clip_58','1000','3');
INSERT INTO "User_Media" VALUES(40,'6060','6','Ostin_Clip_60','4000','1');
INSERT INTO "User_Media" VALUES(41,'6062','6','Ostin_Clip_62','4000','1');
CREATE TABLE base_parms(ID INTEGER PRIMARY KEY AUTOINCREMENT, ID_Parm TEXT, Parm TEXT, Val TEXT);
INSERT INTO "base_parms" VALUES(1,'1','CASE_DB_PRINT_ALL','N');
INSERT INTO "base_parms" VALUES(2,'2','CASE_DB_PRINT_TBL','N');
INSERT INTO "base_parms" VALUES(3,'3','Clip_Budget_Max','12');
INSERT INTO "base_parms" VALUES(4,'4','Clip_Budget_Min','1');
INSERT INTO "base_parms" VALUES(5,'5','D_Sign_Counter','3');
INSERT INTO "base_parms" VALUES(6,'6','Dig_Sign_Max_Time_Interv_Price','10000000');
INSERT INTO "base_parms" VALUES(7,'7','Dig_Sign_Time_Interv_SQR','0.9');
INSERT INTO "base_parms" VALUES(8,'8','Digital_Signage_Cost_Max','7000');
INSERT INTO "base_parms" VALUES(9,'9','Digital_Signage_Cost_Min','1000');
INSERT INTO "base_parms" VALUES(10,'10','Owner_Counter','3');
INSERT INTO "base_parms" VALUES(11,'11','Time_Interval_Counter','4');
INSERT INTO "base_parms" VALUES(12,'12','Time_Interval_People','10');
INSERT INTO "base_parms" VALUES(13,'13','Time_Slot_Cost','10');
INSERT INTO "base_parms" VALUES(14,'14','User_Clip_Counter','3');
INSERT INTO "base_parms" VALUES(15,'15','User_Clip_Neighborhood_Counter','3');
INSERT INTO "base_parms" VALUES(16,'16','User_Counter','3');
CREATE TABLE country(ID INTEGER PRIMARY KEY AUTOINCREMENT, ID_Country TEXT, Country TEXT);
INSERT INTO "country" VALUES(1,'1','Israel');
INSERT INTO "country" VALUES(2,'2','USA');
INSERT INTO "country" VALUES(3,'3','Russia');
CREATE TABLE city(ID INTEGER PRIMARY KEY AUTOINCREMENT, ID_Country TEXT, ID_City TEXT, City TEXT);
INSERT INTO "city" VALUES(1,'1','1','Haifa');
INSERT INTO "city" VALUES(2,'1','2','TelAviv');
INSERT INTO "city" VALUES(3,'1','3','Jerusalem');
INSERT INTO "city" VALUES(4,'2','1','NewYork');
INSERT INTO "city" VALUES(5,'2','2','SanFrancisco');
INSERT INTO "city" VALUES(6,'3','1','Moscow');
INSERT INTO "city" VALUES(7,'3','2','SanktPeterburg');
CREATE TABLE neighborhoods(ID INTEGER PRIMARY KEY AUTOINCREMENT, ID_Country TEXT, ID_City TEXT, ID_Neighborhoods TEXT, Neighborhoods TEXT);
INSERT INTO "neighborhoods" VALUES(1,'2','1','1','Manhattan');
INSERT INTO "neighborhoods" VALUES(2,'2','2','1','Beach_Alanya');
INSERT INTO "neighborhoods" VALUES(3,'3','1','1','Kremlin');
INSERT INTO "neighborhoods" VALUES(4,'3','2','1','OldCity');
INSERT INTO "neighborhoods" VALUES(5,'1','1','1','Bat_Galim');
INSERT INTO "neighborhoods" VALUES(6,'1','1','2','Denia');
INSERT INTO "neighborhoods" VALUES(7,'1','1','3','French_Carmel');
INSERT INTO "neighborhoods" VALUES(8,'1','1','4','German_Colony');
INSERT INTO "neighborhoods" VALUES(9,'1','1','5','Hadar_HaCarmel');
INSERT INTO "neighborhoods" VALUES(10,'1','1','6','Kababir');
INSERT INTO "neighborhoods" VALUES(11,'1','1','7','Kiryat_Eliezer');
INSERT INTO "neighborhoods" VALUES(12,'1','1','8','Kiryat_Haim');
INSERT INTO "neighborhoods" VALUES(13,'1','1','9','Kiryat_Shmuel');
INSERT INTO "neighborhoods" VALUES(14,'1','1','10','Kiryat_Shprintzak');
INSERT INTO "neighborhoods" VALUES(15,'1','1','11','Matam');
INSERT INTO "neighborhoods" VALUES(16,'1','1','12','Merkaz_HaCarmel');
INSERT INTO "neighborhoods" VALUES(17,'1','1','13','Neve_Shaanan');
INSERT INTO "neighborhoods" VALUES(18,'1','1','14','Ramat_Begin');
INSERT INTO "neighborhoods" VALUES(19,'1','1','15','Ramat_HaTishbi');
INSERT INTO "neighborhoods" VALUES(20,'1','1','16','Romema');
INSERT INTO "neighborhoods" VALUES(21,'1','1','17','Vardia');
INSERT INTO "neighborhoods" VALUES(22,'1','1','18','Wadi_Nisnas');
INSERT INTO "neighborhoods" VALUES(23,'1','1','19','Wadi_Salib');
INSERT INTO "neighborhoods" VALUES(24,'1','2','1','Abu_Kabir');
INSERT INTO "neighborhoods" VALUES(25,'1','2','2','Ajami');
INSERT INTO "neighborhoods" VALUES(26,'1','2','3','Azorei_Hen');
INSERT INTO "neighborhoods" VALUES(27,'1','2','4','Bavli');
INSERT INTO "neighborhoods" VALUES(28,'1','2','5','Bitzaron');
INSERT INTO "neighborhoods" VALUES(29,'1','2','6','Ezra');
INSERT INTO "neighborhoods" VALUES(30,'1','2','7','Florentin');
INSERT INTO "neighborhoods" VALUES(31,'1','2','8','Ganei_Tzahala');
INSERT INTO "neighborhoods" VALUES(32,'1','2','9','Givat_Aliyah');
INSERT INTO "neighborhoods" VALUES(33,'1','2','10','Givat_Amal_Bet');
INSERT INTO "neighborhoods" VALUES(34,'1','2','11','Givat_HaTmarim');
INSERT INTO "neighborhoods" VALUES(35,'1','2','12','Givat_Herzl');
INSERT INTO "neighborhoods" VALUES(36,'1','2','13','HaArgazim');
INSERT INTO "neighborhoods" VALUES(37,'1','2','14','Hadar_Yosef');
INSERT INTO "neighborhoods" VALUES(38,'1','2','15','HaKirya');
INSERT INTO "neighborhoods" VALUES(39,'1','2','16','HaMishtalah');
INSERT INTO "neighborhoods" VALUES(40,'1','2','17','HaMoshava_HaAmerikait');
INSERT INTO "neighborhoods" VALUES(41,'1','2','18','HaRakevet');
INSERT INTO "neighborhoods" VALUES(42,'1','2','19','HaTzafon_HaYashan');
INSERT INTO "neighborhoods" VALUES(43,'1','2','20','Kerem_Hatemanim');
INSERT INTO "neighborhoods" VALUES(44,'1','2','21','Kfar_Shalem');
INSERT INTO "neighborhoods" VALUES(45,'1','2','22','Kiryat_Shalom');
INSERT INTO "neighborhoods" VALUES(46,'1','2','23','Kokhav_HaTzafon');
INSERT INTO "neighborhoods" VALUES(47,'1','2','24','Lev_HaIr');
INSERT INTO "neighborhoods" VALUES(48,'1','2','25','Maoz_Aviv');
INSERT INTO "neighborhoods" VALUES(49,'1','2','26','Menashiya');
INSERT INTO "neighborhoods" VALUES(50,'1','2','27','Migdalei_Neeman');
INSERT INTO "neighborhoods" VALUES(51,'1','2','28','Montefiore');
INSERT INTO "neighborhoods" VALUES(52,'1','2','29','Nahalat_Yitzhak');
INSERT INTO "neighborhoods" VALUES(53,'1','2','30','Neot_Afeka');
INSERT INTO "neighborhoods" VALUES(54,'1','2','31','Neve_Avivim');
INSERT INTO "neighborhoods" VALUES(55,'1','2','32','Neve_Barbur');
INSERT INTO "neighborhoods" VALUES(56,'1','2','33','Neve_Ofer');
INSERT INTO "neighborhoods" VALUES(57,'1','2','34','Neve_Shaanan');
INSERT INTO "neighborhoods" VALUES(58,'1','2','35','Neve_Sharett');
INSERT INTO "neighborhoods" VALUES(59,'1','2','36','Neve_Tzahal');
INSERT INTO "neighborhoods" VALUES(60,'1','2','37','Neve_Tzedek');
INSERT INTO "neighborhoods" VALUES(61,'1','2','38','Nofei_Yam');
INSERT INTO "neighborhoods" VALUES(62,'1','2','39','Ohel_Moshe');
INSERT INTO "neighborhoods" VALUES(63,'1','2','40','Park_Tzameret');
INSERT INTO "neighborhoods" VALUES(64,'1','2','41','Ramat_Aviv_Aleph');
INSERT INTO "neighborhoods" VALUES(65,'1','2','42','Ramat_Aviv_Gimmel');
INSERT INTO "neighborhoods" VALUES(66,'1','2','43','Ramat_Aviv_HaHadasha');
INSERT INTO "neighborhoods" VALUES(67,'1','2','44','Ramat_HaHayal');
INSERT INTO "neighborhoods" VALUES(68,'1','2','45','Ramat_HaTayasim');
INSERT INTO "neighborhoods" VALUES(69,'1','2','46','Ramat_Yisrael');
INSERT INTO "neighborhoods" VALUES(70,'1','2','47','Ramot_Tzahala');
INSERT INTO "neighborhoods" VALUES(71,'1','2','48','Revivim_Mild_rainstorms');
INSERT INTO "neighborhoods" VALUES(72,'1','2','49','Shabazi');
INSERT INTO "neighborhoods" VALUES(73,'1','2','50','Shapira');
INSERT INTO "neighborhoods" VALUES(74,'1','2','51','Shikun_Dan');
INSERT INTO "neighborhoods" VALUES(75,'1','2','52','Shikun_Lamed');
INSERT INTO "neighborhoods" VALUES(76,'1','2','53','Shkhunat_HaTikva');
INSERT INTO "neighborhoods" VALUES(77,'1','2','54','South');
INSERT INTO "neighborhoods" VALUES(78,'1','2','55','Southeast');
INSERT INTO "neighborhoods" VALUES(79,'1','2','56','Southwest');
INSERT INTO "neighborhoods" VALUES(80,'1','2','57','Tel_Baruch');
INSERT INTO "neighborhoods" VALUES(81,'1','2','58','Tel_Haim');
INSERT INTO "neighborhoods" VALUES(82,'1','2','59','Tzahala');
INSERT INTO "neighborhoods" VALUES(83,'1','2','60','Tzahalon');
INSERT INTO "neighborhoods" VALUES(84,'1','2','61','Yad_Eliyahu');
INSERT INTO "neighborhoods" VALUES(85,'1','2','62','Yafo_C');
INSERT INTO "neighborhoods" VALUES(86,'1','2','63','Yafo_HaAtika');
INSERT INTO "neighborhoods" VALUES(87,'1','2','64','Yehuda_HaMaccabi');
INSERT INTO "neighborhoods" VALUES(88,'1','2','65','Yisgav');
INSERT INTO "neighborhoods" VALUES(89,'1','3','1','Abu_Tor');
INSERT INTO "neighborhoods" VALUES(90,'1','3','2','American_Colony');
INSERT INTO "neighborhoods" VALUES(91,'1','3','3','Armenian_Quarter');
INSERT INTO "neighborhoods" VALUES(92,'1','3','4','Armon');
INSERT INTO "neighborhoods" VALUES(93,'1','3','5','Arnona');
INSERT INTO "neighborhoods" VALUES(94,'1','3','6','Arzei_HaBira');
INSERT INTO "neighborhoods" VALUES(95,'1','3','7','Atarot');
INSERT INTO "neighborhoods" VALUES(96,'1','3','8','Bab_a_Zahara');
INSERT INTO "neighborhoods" VALUES(97,'1','3','9','Bab_Huta');
INSERT INTO "neighborhoods" VALUES(98,'1','3','10','Baka');
INSERT INTO "neighborhoods" VALUES(99,'1','3','11','Batei_Munkacs');
INSERT INTO "neighborhoods" VALUES(100,'1','3','12','Batei_Saidoff');
INSERT INTO "neighborhoods" VALUES(101,'1','3','13','Batei_Ungarin');
INSERT INTO "neighborhoods" VALUES(102,'1','3','14','Batei_Warsaw');
INSERT INTO "neighborhoods" VALUES(103,'1','3','15','Bayit_VeGan');
INSERT INTO "neighborhoods" VALUES(104,'1','3','16','Beit_David');
INSERT INTO "neighborhoods" VALUES(105,'1','3','17','Beit_HaKerem');
INSERT INTO "neighborhoods" VALUES(106,'1','3','18','Beit_Hanina');
INSERT INTO "neighborhoods" VALUES(107,'1','3','19','Beit_Orot');
INSERT INTO "neighborhoods" VALUES(108,'1','3','20','Beit_Safafa');
INSERT INTO "neighborhoods" VALUES(109,'1','3','21','Beit_Yaakov');
INSERT INTO "neighborhoods" VALUES(110,'1','3','22','Beit_Yisrael');
INSERT INTO "neighborhoods" VALUES(111,'1','3','23','Bezetha');
INSERT INTO "neighborhoods" VALUES(112,'1','3','24','Bukharim_quarter');
INSERT INTO "neighborhoods" VALUES(113,'1','3','25','Christian_Quarter');
INSERT INTO "neighborhoods" VALUES(114,'1','3','26','City_of_David');
INSERT INTO "neighborhoods" VALUES(115,'1','3','27','East_Jerusalem');
INSERT INTO "neighborhoods" VALUES(116,'1','3','28','East_Talpiot');
INSERT INTO "neighborhoods" VALUES(117,'1','3','29','Ein_Karem');
INSERT INTO "neighborhoods" VALUES(118,'1','3','30','Emek_Refaim');
INSERT INTO "neighborhoods" VALUES(119,'1','3','31','Even_Yisrael');
INSERT INTO "neighborhoods" VALUES(120,'1','3','32','Ezrat_Torah');
INSERT INTO "neighborhoods" VALUES(121,'1','3','33','Ezrat_Yisrael');
INSERT INTO "neighborhoods" VALUES(122,'1','3','34','French_Hill');
INSERT INTO "neighborhoods" VALUES(123,'1','3','35','German_Colony');
INSERT INTO "neighborhoods" VALUES(124,'1','3','36','Geula');
INSERT INTO "neighborhoods" VALUES(125,'1','3','37','Gilo');
INSERT INTO "neighborhoods" VALUES(126,'1','3','38','Givat_Beit_HaKerem');
INSERT INTO "neighborhoods" VALUES(127,'1','3','39','Givat_HaMatos');
INSERT INTO "neighborhoods" VALUES(128,'1','3','40','Givat_HaMivtar');
INSERT INTO "neighborhoods" VALUES(129,'1','3','41','Givat_Massuah');
INSERT INTO "neighborhoods" VALUES(130,'1','3','42','Givat_Mordechai');
INSERT INTO "neighborhoods" VALUES(131,'1','3','43','Givat_Oranim');
INSERT INTO "neighborhoods" VALUES(132,'1','3','44','Givat_Ram');
INSERT INTO "neighborhoods" VALUES(133,'1','3','45','Givat_Shaul');
INSERT INTO "neighborhoods" VALUES(134,'1','3','46','Greek_Colony');
INSERT INTO "neighborhoods" VALUES(135,'1','3','47','Har_Homa');
INSERT INTO "neighborhoods" VALUES(136,'1','3','48','Har_Hotzvim');
INSERT INTO "neighborhoods" VALUES(137,'1','3','49','Har_Nof');
INSERT INTO "neighborhoods" VALUES(138,'1','3','50','Hutzot_Hayotzer');
INSERT INTO "neighborhoods" VALUES(139,'1','3','51','Ir_Ganim');
INSERT INTO "neighborhoods" VALUES(140,'1','3','52','Isawiya');
INSERT INTO "neighborhoods" VALUES(141,'1','3','53','Jabel_Mukaber');
INSERT INTO "neighborhoods" VALUES(142,'1','3','54','Jerusalem');
INSERT INTO "neighborhoods" VALUES(143,'1','3','55','Jerusalem_Gateway');
INSERT INTO "neighborhoods" VALUES(144,'1','3','56','Jerusalem_Technology_Park');
INSERT INTO "neighborhoods" VALUES(145,'1','3','57','Downtown_Triangle');
INSERT INTO "neighborhoods" VALUES(146,'1','3','58','Jewish_Quarter');
INSERT INTO "neighborhoods" VALUES(147,'1','3','59','Kafr_Aqab');
INSERT INTO "neighborhoods" VALUES(148,'1','3','60','Katamon');
INSERT INTO "neighborhoods" VALUES(149,'1','3','61','Kerem_Avraham');
INSERT INTO "neighborhoods" VALUES(150,'1','3','62','Kings_Garden');
INSERT INTO "neighborhoods" VALUES(151,'1','3','63','Kirya_Neemana');
INSERT INTO "neighborhoods" VALUES(152,'1','3','64','Kiryat_HaLeom');
INSERT INTO "neighborhoods" VALUES(153,'1','3','65','Kiryat_HaMemshala');
INSERT INTO "neighborhoods" VALUES(154,'1','3','66','Kiryat_HaYovel');
INSERT INTO "neighborhoods" VALUES(155,'1','3','67','Kiryat_Itri');
INSERT INTO "neighborhoods" VALUES(156,'1','3','68','Kiryat_Mattersdorf');
INSERT INTO "neighborhoods" VALUES(157,'1','3','69','Kiryat_Menachem');
INSERT INTO "neighborhoods" VALUES(158,'1','3','70','Kiryat_Menachem_Begin');
INSERT INTO "neighborhoods" VALUES(159,'1','3','71','Kiryat_Moshe');
INSERT INTO "neighborhoods" VALUES(160,'1','3','72','Kiryat_Sanz');
INSERT INTO "neighborhoods" VALUES(161,'1','3','73','Kiryat_Shmuel');
INSERT INTO "neighborhoods" VALUES(162,'1','3','74','Kiryat_Shomrei_Emunim');
INSERT INTO "neighborhoods" VALUES(163,'1','3','75','Kiryat_Wolfson');
INSERT INTO "neighborhoods" VALUES(164,'1','3','76','Knesset_Yisrael');
INSERT INTO "neighborhoods" VALUES(165,'1','3','77','Lifta');
INSERT INTO "neighborhoods" VALUES(166,'1','3','78','Maale_HaZeitim');
INSERT INTO "neighborhoods" VALUES(167,'1','3','79','Maalot_Dafna');
INSERT INTO "neighborhoods" VALUES(168,'1','3','80','Mahane_Israel');
INSERT INTO "neighborhoods" VALUES(169,'1','3','81','Mahane_Yehuda');
INSERT INTO "neighborhoods" VALUES(170,'1','3','82','Malha');
INSERT INTO "neighborhoods" VALUES(171,'1','3','83','Mamilla');
INSERT INTO "neighborhoods" VALUES(172,'1','3','84','Mazkeret_Moshe');
INSERT INTO "neighborhoods" VALUES(173,'1','3','85','Mea_Shearim');
INSERT INTO "neighborhoods" VALUES(174,'1','3','86','Mekor_Baruch');
INSERT INTO "neighborhoods" VALUES(175,'1','3','87','Mekor_Chaim');
INSERT INTO "neighborhoods" VALUES(176,'1','3','88','Mishkenot_Shaananim');
INSERT INTO "neighborhoods" VALUES(177,'1','3','89','Moroccan_Quarter');
INSERT INTO "neighborhoods" VALUES(178,'1','3','90','Motza');
INSERT INTO "neighborhoods" VALUES(179,'1','3','91','Muristan');
INSERT INTO "neighborhoods" VALUES(180,'1','3','92','Muslim_Quarter');
INSERT INTO "neighborhoods" VALUES(181,'1','3','93','Musrara');
INSERT INTO "neighborhoods" VALUES(182,'1','3','94','Nachlaot');
INSERT INTO "neighborhoods" VALUES(183,'1','3','95','Nahalat_Shimon');
INSERT INTO "neighborhoods" VALUES(184,'1','3','96','Nahalat_Shiva');
INSERT INTO "neighborhoods" VALUES(185,'1','3','97','Nayot');
INSERT INTO "neighborhoods" VALUES(186,'1','3','98','Neve_Granot');
INSERT INTO "neighborhoods" VALUES(187,'1','3','99','Neve_Shaanan');
INSERT INTO "neighborhoods" VALUES(188,'1','3','100','Neve_Yaakov');
INSERT INTO "neighborhoods" VALUES(189,'1','3','101','Nof_Zion');
INSERT INTO "neighborhoods" VALUES(190,'1','3','102','Ohel_Shlomo');
INSERT INTO "neighborhoods" VALUES(191,'1','3','103','Old_City_');
INSERT INTO "neighborhoods" VALUES(192,'1','3','104','Mount_of_Olives');
INSERT INTO "neighborhoods" VALUES(193,'1','3','105','Pat');
INSERT INTO "neighborhoods" VALUES(194,'1','3','106','Pisgat_Zeev');
INSERT INTO "neighborhoods" VALUES(195,'1','3','107','Al_Ram');
INSERT INTO "neighborhoods" VALUES(196,'1','3','108','Ramat_Beit_HaKerem');
INSERT INTO "neighborhoods" VALUES(197,'1','3','109','Ramat_Denya');
INSERT INTO "neighborhoods" VALUES(198,'1','3','110','Ramat_Eshkol');
INSERT INTO "neighborhoods" VALUES(199,'1','3','111','Ramat_Rachel');
INSERT INTO "neighborhoods" VALUES(200,'1','3','112','Ramat_Sharett');
INSERT INTO "neighborhoods" VALUES(201,'1','3','113','Ramat_Shlomo');
INSERT INTO "neighborhoods" VALUES(202,'1','3','114','Ramot_Polin');
INSERT INTO "neighborhoods" VALUES(203,'1','3','115','Ramot');
INSERT INTO "neighborhoods" VALUES(204,'1','3','116','Ras_al_Amud');
INSERT INTO "neighborhoods" VALUES(205,'1','3','117','Ras_Khamis');
INSERT INTO "neighborhoods" VALUES(206,'1','3','118','Rassco_');
INSERT INTO "neighborhoods" VALUES(207,'1','3','119','Rehavia');
INSERT INTO "neighborhoods" VALUES(208,'1','3','120','Ring_Neighborhoods');
INSERT INTO "neighborhoods" VALUES(209,'1','3','121','Romema');
INSERT INTO "neighborhoods" VALUES(210,'1','3','122','Russian_Compound');
INSERT INTO "neighborhoods" VALUES(211,'1','3','123','Sanhedria');
INSERT INTO "neighborhoods" VALUES(212,'1','3','124','Sanhedria_Murhevet');
INSERT INTO "neighborhoods" VALUES(213,'1','3','125','Shaarei_Hesed');
INSERT INTO "neighborhoods" VALUES(214,'1','3','126','Shaarei_Yerushalayim');
INSERT INTO "neighborhoods" VALUES(215,'1','3','127','Sharafat_East_Jerusalem');
INSERT INTO "neighborhoods" VALUES(216,'1','3','128','Sheikh_Badr');
INSERT INTO "neighborhoods" VALUES(217,'1','3','129','Sheikh_Jarrah');
INSERT INTO "neighborhoods" VALUES(218,'1','3','130','Shikun_Chabad');
INSERT INTO "neighborhoods" VALUES(219,'1','3','131','Shimon_HaTzadik');
INSERT INTO "neighborhoods" VALUES(220,'1','3','132','Shmuel_HaNavi');
INSERT INTO "neighborhoods" VALUES(221,'1','3','133','Shuafat');
INSERT INTO "neighborhoods" VALUES(222,'1','3','134','Silwan');
INSERT INTO "neighborhoods" VALUES(223,'1','3','135','Sur_Baher');
INSERT INTO "neighborhoods" VALUES(224,'1','3','136','Talbiya');
INSERT INTO "neighborhoods" VALUES(225,'1','3','137','Talpiot');
INSERT INTO "neighborhoods" VALUES(226,'1','3','138','Tel_Arza');
INSERT INTO "neighborhoods" VALUES(227,'1','3','139','At_Tur');
INSERT INTO "neighborhoods" VALUES(228,'1','3','140','Umm_Tuba');
INSERT INTO "neighborhoods" VALUES(229,'1','3','141','Unsdorf');
INSERT INTO "neighborhoods" VALUES(230,'1','3','142','Wadi_al_Joz');
INSERT INTO "neighborhoods" VALUES(231,'1','3','143','Al_Walaja');
INSERT INTO "neighborhoods" VALUES(232,'1','3','144','Yefeh_Nof');
INSERT INTO "neighborhoods" VALUES(233,'1','3','145','Yemin_Moshe');
INSERT INTO "neighborhoods" VALUES(234,'1','3','146','Zikhron_Moshe');
INSERT INTO "neighborhoods" VALUES(235,'1','3','147','Zikhron_Tuvya');
INSERT INTO "neighborhoods" VALUES(236,'1','3','148','Zikhron_Yosef');
INSERT INTO "neighborhoods" VALUES(237,'1','3','149','Mount_Zion');
CREATE TABLE user(ID INTEGER PRIMARY KEY AUTOINCREMENT, ID_User TEXT, Nic_User TEXT);
INSERT INTO "user" VALUES(1,'1','Alex');
INSERT INTO "user" VALUES(2,'2','Dima');
INSERT INTO "user" VALUES(3,'3','Sergey');
INSERT INTO "user" VALUES(4,'4','Rita');
INSERT INTO "user" VALUES(5,'5','Alice');
INSERT INTO "user" VALUES(6,'6','Ostin');
INSERT INTO "user" VALUES(7,'7','Mikki');
INSERT INTO "user" VALUES(8,'8','Mia');
INSERT INTO "user" VALUES(9,'9','Elika');
INSERT INTO "user" VALUES(10,'10','Ksenia');
INSERT INTO "user" VALUES(11,'11','Ksusha');
INSERT INTO "user" VALUES(12,'12','Raya');
INSERT INTO "user" VALUES(13,'13','Luda');
INSERT INTO "user" VALUES(14,'14','Yakov');
INSERT INTO "user" VALUES(15,'15','Emanuel');
INSERT INTO "user" VALUES(16,'16','Rachel');
INSERT INTO "user" VALUES(17,'17','Audi');
INSERT INTO "user" VALUES(18,'18','BMW');
INSERT INTO "user" VALUES(19,'19','Fiat');
INSERT INTO "user" VALUES(20,'20','Ford');
INSERT INTO "user" VALUES(21,'21','Honda');
INSERT INTO "user" VALUES(22,'22','Hummer');
INSERT INTO "user" VALUES(23,'23','Mazda');
INSERT INTO "user" VALUES(24,'24','Mitsubishi');
INSERT INTO "user" VALUES(25,'25','Peugeot');
INSERT INTO "user" VALUES(26,'26','Porsche');
INSERT INTO "user" VALUES(27,'27','Toyota');
CREATE TABLE media(ID INTEGER PRIMARY KEY AUTOINCREMENT, ID_Media TEXT, Type_Media TEXT, Slots TEXT);
INSERT INTO "media" VALUES(1,'1','Clip','1');
INSERT INTO "media" VALUES(2,'2','Clip','2');
INSERT INTO "media" VALUES(3,'3','Clip','3');
INSERT INTO "media" VALUES(4,'4','Clip','4');
INSERT INTO "media" VALUES(5,'5','Clip','5');
INSERT INTO "media" VALUES(6,'6','Clip','6');
INSERT INTO "media" VALUES(7,'7','Clip','7');
INSERT INTO "media" VALUES(8,'8','Clip','8');
INSERT INTO "media" VALUES(9,'9','Clip','9');
INSERT INTO "media" VALUES(10,'10','Clip','10');
CREATE TABLE owner(ID INTEGER PRIMARY KEY AUTOINCREMENT, ID_Owner TEXT, Owner_Name TEXT);
INSERT INTO "owner" VALUES(1,'1','Owner_1');
INSERT INTO "owner" VALUES(2,'2','Owner_2');
INSERT INTO "owner" VALUES(3,'3','Owner_3');
INSERT INTO "owner" VALUES(4,'4','Owner_4');
INSERT INTO "owner" VALUES(5,'5','Owner_5');
INSERT INTO "owner" VALUES(6,'6','Owner_6');
INSERT INTO "owner" VALUES(7,'7','Owner_7');
INSERT INTO "owner" VALUES(8,'8','Owner_8');
INSERT INTO "owner" VALUES(9,'9','Owner_9');
INSERT INTO "owner" VALUES(10,'10','Owner_10');
INSERT INTO "owner" VALUES(11,'11','Owner_11');
INSERT INTO "owner" VALUES(12,'12','Owner_12');
INSERT INTO "owner" VALUES(13,'13','Owner_13');
INSERT INTO "owner" VALUES(14,'14','Owner_14');
INSERT INTO "owner" VALUES(15,'15','Owner_15');
INSERT INTO "owner" VALUES(16,'16','Owner_16');
INSERT INTO "owner" VALUES(17,'17','Owner_17');
INSERT INTO "owner" VALUES(18,'18','Owner_18');
INSERT INTO "owner" VALUES(19,'19','Owner_19');
INSERT INTO "owner" VALUES(20,'20','Owner_20');
INSERT INTO "owner" VALUES(21,'21','Owner_21');
INSERT INTO "owner" VALUES(22,'22','Owner_22');
INSERT INTO "owner" VALUES(23,'23','Owner_23');
INSERT INTO "owner" VALUES(24,'24','Owner_24');
INSERT INTO "owner" VALUES(25,'25','Owner_25');
INSERT INTO "owner" VALUES(26,'26','Owner_26');
INSERT INTO "owner" VALUES(27,'27','Owner_27');
INSERT INTO "owner" VALUES(28,'28','Owner_28');
INSERT INTO "owner" VALUES(29,'29','Owner_29');
INSERT INTO "owner" VALUES(30,'30','Owner_30');
INSERT INTO "owner" VALUES(31,'31','Owner_31');
INSERT INTO "owner" VALUES(32,'32','Owner_32');
INSERT INTO "owner" VALUES(33,'33','Owner_33');
INSERT INTO "owner" VALUES(34,'34','Owner_34');
INSERT INTO "owner" VALUES(35,'35','Owner_35');
INSERT INTO "owner" VALUES(36,'36','Owner_36');
INSERT INTO "owner" VALUES(37,'37','Owner_37');
INSERT INTO "owner" VALUES(38,'38','Owner_38');
INSERT INTO "owner" VALUES(39,'39','Owner_39');
CREATE TABLE time_interval(ID INTEGER PRIMARY KEY AUTOINCREMENT, ID_Time_Interval TEXT, Price TEXT, D_Sign_People TEXT, Slots TEXT);
INSERT INTO "time_interval" VALUES(1,'1','10','10','120');
INSERT INTO "time_interval" VALUES(2,'2','20','30','90');
INSERT INTO "time_interval" VALUES(3,'3','30','100','60');
INSERT INTO "time_interval" VALUES(4,'4','40','250','30');
CREATE TABLE dictionary(ID INTEGER PRIMARY KEY AUTOINCREMENT, Dict_Table TEXT, Dict_Key TEXT);
INSERT INTO "dictionary" VALUES(1,'Country','ID_Country');
INSERT INTO "dictionary" VALUES(2,'Country','Country');
INSERT INTO "dictionary" VALUES(3,'City','ID_Country');
INSERT INTO "dictionary" VALUES(4,'City','ID_City');
INSERT INTO "dictionary" VALUES(5,'City','City');
INSERT INTO "dictionary" VALUES(6,'Neighborhoods','ID_Country');
INSERT INTO "dictionary" VALUES(7,'Neighborhoods','ID_City');
INSERT INTO "dictionary" VALUES(8,'Neighborhoods','ID_Neighborhoods');
INSERT INTO "dictionary" VALUES(9,'Neighborhoods','Neighborhoods');
INSERT INTO "dictionary" VALUES(10,'User','ID_User');
INSERT INTO "dictionary" VALUES(11,'User','Nic_User');
INSERT INTO "dictionary" VALUES(12,'Media','ID_Media');
INSERT INTO "dictionary" VALUES(13,'Media','Media_Name');
INSERT INTO "dictionary" VALUES(14,'Media','Type');
INSERT INTO "dictionary" VALUES(15,'Media','Time_Sec');
INSERT INTO "dictionary" VALUES(16,'Owner','ID_Owner');
INSERT INTO "dictionary" VALUES(17,'Owner','Owner_Name');
INSERT INTO "dictionary" VALUES(18,'Time_Interval','ID_Time_Interval');
INSERT INTO "dictionary" VALUES(19,'Time_Interval','Price');
INSERT INTO "dictionary" VALUES(20,'Time_Interval','D_Sign_People');
INSERT INTO "dictionary" VALUES(21,'Time_Interval','Slots');
DELETE FROM sqlite_sequence;
INSERT INTO "sqlite_sequence" VALUES('Digital_Signage',30);
INSERT INTO "sqlite_sequence" VALUES('Dig_Sign_Owner',30);
INSERT INTO "sqlite_sequence" VALUES('User_Neighb',28);
INSERT INTO "sqlite_sequence" VALUES('User_Neighb_Ds',64);
INSERT INTO "sqlite_sequence" VALUES('User_Neighb_Ds_Md',64);
INSERT INTO "sqlite_sequence" VALUES('Neighb_Ds_Ti',72);
INSERT INTO "sqlite_sequence" VALUES('User_Neighb_Ds_Md_Ti',64);
INSERT INTO "sqlite_sequence" VALUES('User_Media',41);
INSERT INTO "sqlite_sequence" VALUES('base_parms',16);
INSERT INTO "sqlite_sequence" VALUES('country',3);
INSERT INTO "sqlite_sequence" VALUES('city',7);
INSERT INTO "sqlite_sequence" VALUES('neighborhoods',237);
INSERT INTO "sqlite_sequence" VALUES('user',27);
INSERT INTO "sqlite_sequence" VALUES('media',10);
INSERT INTO "sqlite_sequence" VALUES('owner',39);
INSERT INTO "sqlite_sequence" VALUES('time_interval',4);
INSERT INTO "sqlite_sequence" VALUES('dictionary',21);
COMMIT;
